student_id,course_id,total_points_possible,total_points_earned,percentage_earned,subject,semester,section,Points_Possible,Points_Earned,Gender,q1,q2,q3,q4,q5,q6,q7,q8,q9,q10,TimeSpent,TimeSpent_hours,TimeSpent_std
43146,FrScA-S216-02,1821,1039,0.5705656232839099,FrScA,S216,02,15,15,F,5,4,4,5,5,5,5,5,4,5,1555.1667,25.919445,-0.18051496412273402
44638,OcnA-S116-01,3636,2494,0.6859185918591859,OcnA,S116,01,5,5,F,4,4,3,4,4,4,4,5,4,4,1382.7001,23.045001666666668,-0.3078031278514906
47448,FrScA-S216-01,2075,1621,0.7812048192771084,FrScA,S216,01,10,10,F,5,4,4,5,5,4,4,5,3,5,860.4335,14.340558333333332,-0.6932595379092121
47979,OcnA-S216-01,3750,3113,0.8301333333333333,OcnA,S216,01,30,25.5,F,5,5,3,5,5,5,4,5,5,5,1598.6166,26.643610000000002,-0.14844696959394926
48797,PhysA-S116-01,2018,1684,0.8344895936570862,PhysA,S116,01,10,10,F,4,3,3,4,4,4,4,4,NA,3,1481.8,24.696666666666665,-0.23466291231582515
51943,FrScA-S216-03,5216,4610,0.883819018404908,FrScA,S216,03,10,10,F,NA,NA,NA,NA,NA,NA,NA,NA,NA,NA,3.4501,0.057501666666666666,-1.3257521094101665
52326,AnPhA-S216-01,4040,3086,0.7638613861386139,AnPhA,S216,01,10,10,F,5,5,3,5,5,5,4,5,5,5,1321.8164,22.030273333333334,-0.3527380565508011
52446,PhysA-S116-01,2612,2223,0.8510719754977029,PhysA,S116,01,30,30,M,3,3,3,3,3,4,3,3,3,3,1390.2167,23.170278333333332,-0.30225553654115245
53447,FrScA-S116-01,3063,2283,0.7453476983349657,FrScA,S116,01,10,NA,M,4,3,3,4,4,3,3,4,2,5,1479.4166,24.656943333333334,-0.23642196948649535
53475,FrScA-S116-02,4318,3347,0.7751273737841593,FrScA,S116,02,10,8,M,NA,NA,NA,NA,NA,NA,NA,NA,NA,NA,NA,NA,NA
53475,FrScA-S216-01,4632,3256,0.7029360967184801,FrScA,S216,01,5,5,F,NA,NA,NA,NA,NA,NA,NA,NA,NA,NA,1867.4169,31.123614999999997,0.049939828758536815
54066,OcnA-S116-01,3310,2673,0.8075528700906345,OcnA,S116,01,5,5,F,4,5,3,5,5,5,5,4,5,4,2625.5164,43.758606666666665,0.6094516025088659
54282,OcnA-S116-02,4396,3626,0.8248407643312102,OcnA,S116,02,5,5,F,3,3,3,3,4,3,3,3,2,4,2025.1672,33.752786666666665,0.16636669642253954
54342,OcnA-S116-02,9490,6168,0.6499473129610116,OcnA,S116,02,20,NA,F,5,3,5,5,5,5,5,5,2,5,1581.0831,26.351385,-0.16138748688099588
54346,OcnA-S116-01,5117,4402,0.8602696892710573,OcnA,S116,01,10,10,F,NA,NA,NA,NA,NA,NA,NA,NA,NA,NA,1191.3836,19.856393333333333,-0.4490033717016777
54434,PhysA-S116-01,5388,4912,0.9116555308092057,PhysA,S116,01,5,3,M,4,2,2,4,4,4,4,4,2,4,1231.8666,20.53111,-0.41912508377676194
54567,OcnA-S216-02,4682,4195,0.8959846219564289,OcnA,S216,02,720,647,F,4,4,3,5,4,4,5,4,4,4,1180.2664,19.671106666666667,-0.45720836892319955
55078,FrScA-S216-01,9362,6256,0.6682332834864345,FrScA,S216,01,5,5,M,NA,NA,NA,NA,NA,NA,NA,NA,NA,NA,2130.7497,35.512494999999994,0.24429136442719324
55140,PhysA-S116-01,4179,3106,0.7432400095716679,PhysA,S116,01,10,10,F,4,3,3,4,4,3,3,4,2,3,2083.3167,34.721945,0.20928366165954948
55283,FrScA-S116-01,5620,4572,0.8135231316725978,FrScA,S116,01,280,256,F,4,2,3,4,3,3,3,4,3,4,3.9167,0.06527833333333334,-1.3254077374726676
56152,AnPhA-S116-02,1480,1090,0.7364864864864865,AnPhA,S116,02,37,37,F,3,2,4,4,5,3,4,5,3,3,4438.8165,73.98027499999999,1.9477492208197198
57188,AnPhA-S116-02,7224,6156,0.8521594684385382,AnPhA,S116,02,10,10,F,3,4,3,5,4,4,4,3,3,3,5305.4334,88.42389,2.5873517517289364
57188,FrScA-S216-01,2327,1853,0.7963042544048131,FrScA,S216,01,10,NA,F,NA,NA,NA,NA,NA,NA,NA,NA,NA,NA,2193.0833,36.55138833333333,0.2902963850085859
57224,FrScA-S116-03,6126,4664,0.7613450865164871,FrScA,S116,03,30,24.33333,F,4,2,3,5,5,4,3,5,3,4,2356.4668,39.27444666666667,0.4108808094628127
57489,PhysA-S116-01,4452,3620,0.8131176999101527,PhysA,S116,01,24,NA,F,3,2,2,4,4,4,3,4,4,3,1863.5169,31.058615,0.04706145208420026
57981,OcnA-S116-01,1964,1161,0.5911405295315683,OcnA,S116,01,12,12,M,4,4,3,4,4,4,3,5,3,4,3343.3333,55.72222166666666,1.1392329926126221
58168,AnPhA-S216-01,3719,2663,0.7160527023393385,AnPhA,S216,01,15,13,M,5,5,5,NA,5,5,5,5,4,5,433.3669,7.222781666666666,-1.0084540353010747
58178,OcnA-S116-01,4813,3244,0.6740078952836069,OcnA,S116,01,10,7.6,F,4,4,2,4,4,4,4,4,4,4,3502.0004,58.36667333333333,1.2563365002086841
60186,AnPhA-S116-01,4350,3534,0.8124137931034483,AnPhA,S116,01,5,5,F,5,4,5,5,5,5,5,5,5,5,2087.0501,34.784168333333334,0.21203907998672095
61357,FrScA-S116-02,2816,2380,0.8451704545454546,FrScA,S116,02,10,10,M,NA,NA,NA,NA,NA,NA,NA,NA,NA,NA,NA,NA,NA
61941,FrScA-S116-01,3553,3058,0.8606811145510835,FrScA,S116,01,625,536.205,F,4,3,3,4,4,4,4,4,3,4,1637.9504,27.299173333333332,-0.11941684332907158
61965,BioA-S116-01,4928,3743,0.7595373376623377,BioA,S116,01,10,10,M,NA,NA,NA,NA,NA,NA,NA,NA,NA,NA,615.2168,10.253613333333334,-0.8742405710983941
62157,FrScA-S116-02,5550,4898,0.8825225225225225,FrScA,S116,02,10,8,F,5,3,3,5,4,3,4,5,3,5,2497.1666,41.61944333333334,0.5147236357202056
62175,OcnA-S216-01,4280,2576,0.6018691588785047,OcnA,S216,01,5,5,F,5,3,4,4,4,3,4,4,4,3,1403.6834,23.39472333333333,-0.292316501884668
62576,PhysA-S116-01,2224,1751,0.7873201438848921,PhysA,S116,01,5,5,M,3,4,2,4,3,3,4,3,1,4,793.95,13.2325,-0.7423273726856893
62752,PhysA-S116-01,1906,1553,0.8147953830010494,PhysA,S116,01,15,14,F,4,3,3,5,3,3,2,4,1,5,898.2998,14.971663333333334,-0.6653124931237161
62754,PhysA-S116-01,7764,5408,0.6965481710458526,PhysA,S116,01,10,NA,M,4,3,2,4,3,3,2,3,1,2,674.3167,11.238611666666666,-0.8306221676072071
64930,FrScA-T116-01,1834,1280,0.697928026172301,FrScA,T116,01,5,5,F,4,3,3,4,4,4,3,4,4,4,3424.5662,57.076103333333336,1.1991865527533205
65116,FrScA-S216-01,8496,7114,0.8373352165725048,FrScA,S216,01,597,542.95,F,5,4,4,5,5,4,5,5,5,5,1918.6166,31.976943333333335,0.08772752676187912
65627,AnPhA-S116-02,5244,3775,0.7198703279938978,AnPhA,S116,02,345,284.66,M,NA,NA,NA,NA,NA,NA,NA,NA,NA,NA,2164.9001,36.08166833333333,0.26949590667828727
66508,AnPhA-T116-01,1130,782,0.6920353982300885,AnPhA,T116,01,5,5,F,4,4,3,4,4,5,3,4,4,4,0.45,0.007500000000000001,-1.3279663191180324
66508,PhysA-T116-01,2581,2161,0.8372723750484309,PhysA,T116,01,545,376.98,M,NA,NA,NA,NA,NA,NA,NA,NA,NA,NA,2823.7501,47.06250166666667,0.7557570533159048
66689,FrScA-S216-01,3780,2900,0.7671957671957672,FrScA,S216,01,10,10,F,4,4,3,4,4,4,4,4,3,4,1137.8334,18.96389,-0.48852584518528347
66693,AnPhA-S116-01,3456,2736,0.7916666666666666,AnPhA,S116,01,5,5,M,4,3,2,4,4,4,4,4,3,4,2309.0334,38.483889999999995,0.3758728114770482
66740,OcnA-S116-01,4270,3014,0.7058548009367681,OcnA,S116,01,10,7,F,5,2,4,5,5,4,5,5,5,5,965.2994,16.08832333333333,-0.615863753167335
66811,AnPhA-S116-01,3551,3093,0.8710222472542946,AnPhA,S116,01,10,5.88,F,4,3,2,4,3,5,3,4,4,4,5298.8507,88.31417833333333,2.5824934209253065
66862,AnPhA-S116-01,2280,1769,0.7758771929824562,AnPhA,S116,01,30,28.5,F,4,3,2,4,4,4,4,4,4,4,1746.9667,29.116111666666665,-0.038957875369459424
67013,AnPhA-S216-01,7426,5232,0.7045515755453811,AnPhA,S216,01,30,27.75,F,4,3,4,4,3,3,5,4,3,3,2297.2332,38.287220000000005,0.36716372931486707
67102,PhysA-S216-01,4288,3529,0.8229944029850746,PhysA,S216,01,280,266.5,M,NA,NA,NA,NA,NA,NA,NA,NA,NA,NA,719.2833,11.988055000000001,-0.7974347797702259
67463,FrScA-S216-01,2374,1234,0.5197978096040438,FrScA,S216,01,20,16,F,4,3,3,4,4,4,3,4,4,5,1359.033,22.65055,-0.32527051979743765
67508,AnPhA-S116-01,3831,2889,0.7541111981205951,AnPhA,S116,01,438,413.05,F,4,3,3,4,4,4,4,4,3,3,2668.183,44.46971666666666,0.6409414861532896
67762,FrScA-S116-02,2453,2011,0.8198124745209947,FrScA,S116,02,15,14,F,4,3,2,4,4,4,4,4,4,4,801.2336,13.353893333333334,-0.7369517459305102
67920,OcnA-S116-01,4614,3794,0.8222800173385348,OcnA,S116,01,10,NA,M,5,4,4,5,5,4,5,5,4,5,4094.9995,68.24999166666666,1.693996699527308
68022,OcnA-S216-01,2486,1988,0.7996781979082864,OcnA,S216,01,10,8,F,4,3,1,5,3,3,5,5,2,5,39.7504,0.6625066666666667,-1.2989608435662119
68188,FrScA-S116-01,3341,2032,0.6082011373840167,FrScA,S116,01,10,9,M,5,5,4,5,5,5,5,5,5,5,583.2498,9.720830000000001,-0.8978336652390402
68476,OcnA-S116-02,5508,4766,0.8652868554829339,OcnA,S116,02,30,28.88,F,4,4,2,2,3,4,4,4,4,4,969.4666,16.157776666666667,-0.6127881707885412
68598,BioA-S116-01,2426,2019,0.8322341302555647,BioA,S116,01,10,NA,M,4,3,2,2,4,2,4,4,2,2,3331.6169,55.52694833333333,1.130585758646674
68768,FrScA-S116-02,2437,1689,0.6930652441526467,FrScA,S116,02,5,5,F,4,5,4,5,4,5,5,5,4,5,1966.0169,32.76694833333333,0.12271109544817653
68795,FrScA-S216-01,3532,2758,0.7808607021517554,FrScA,S216,01,10,10,F,4,4,4,5,4,4,5,5,4,4,3022.5333,50.375555,0.9024680600159043
69072,FrScA-S116-01,2314,1683,0.7273120138288678,FrScA,S116,01,345,247.5,F,5,3,3,5,4,4,4,4,4,4,956.1665,15.936108333333333,-0.6226042470978604
69182,FrScA-S216-01,2347,1824,0.7771623348956114,FrScA,S216,01,10,8,F,5,4,4,5,5,4,5,5,5,5,444.4832,7.408053333333333,-1.0002497023203238
69397,FrScA-S216-01,3422,3000,0.8766803039158387,FrScA,S216,01,10,6,F,4,4,3,4,4,5,3,5,3,5,1087.6003,18.126671666666667,-0.5256001486005708
69544,FrScA-S216-04,3498,2768,0.7913093196112064,FrScA,S216,04,465,343.2,F,5,4,3,5,5,4,4,5,5,5,2673.3831,44.556385,0.644779395523602
69743,AnPhA-S216-01,6102,4644,0.7610619469026548,AnPhA,S216,01,10,10,F,5,4,5,5,4,4,5,4,4,5,7084.7003,118.07833833333333,3.900531326697987
69937,BioA-S116-01,1756,1270,0.7232346241457859,BioA,S116,01,5,5,M,NA,NA,NA,NA,NA,NA,NA,NA,NA,NA,1.2168,0.020280000000000003,-1.3274003859811399
70037,FrScA-S116-01,2076,1592,0.766859344894027,FrScA,S116,01,10,10,M,3,3,3,1,3,4,3,2,2,3,2591.1496,43.18582666666667,0.5840873472546114
70068,FrScA-S116-03,4606,3454,0.7498914459400782,FrScA,S116,03,10,10,F,5,5,5,5,5,5,5,5,5,5,2101.933,35.03221666666666,0.22302333439864022
70187,PhysA-S216-01,4870,4110,0.8439425051334702,PhysA,S216,01,353,335,M,4,3,2,4,3,3,3,4,2,3,719.1165,11.985275,-0.7975578857264516
70192,AnPhA-S116-02,4337,3556,0.8199216047959419,AnPhA,S116,02,10,10,F,4,3,3,4,4,3,3,5,2,5,1537.1834,25.619723333333333,-0.19378745418622087
70408,BioA-S116-01,6852,5994,0.8747810858143608,BioA,S116,01,10,8.5,M,NA,NA,NA,NA,NA,NA,NA,NA,NA,NA,6664.4499,111.074165,3.590367493687563
70532,AnPhA-S116-01,7128,5824,0.8170594837261503,AnPhA,S116,01,60,NA,M,4,4,3,4,4,4,3,4,4,5,2938.4666,48.97444333333333,0.8404230271009153
70681,BioA-S116-01,13512,11493,0.8505772646536413,BioA,S116,01,5,NA,F,NA,NA,NA,NA,NA,NA,NA,NA,NA,NA,2602.2333,43.370554999999996,0.5922676199585459
71110,FrScA-S216-01,2814,2491,0.8852167732764747,FrScA,S216,01,10,10,F,5,3,3,5,5,3,4,5,4,5,2006.4003,33.440005,0.15251587406110137
71415,FrScA-S216-01,3078,2656,0.8628979857050032,FrScA,S216,01,10,9.13,F,5,2,4,5,5,4,5,5,5,5,408.4,6.806666666666667,-1.026880738529407
71434,BioA-S116-01,13430,11016,0.8202531645569621,BioA,S116,01,5,NA,F,NA,NA,NA,NA,NA,NA,NA,NA,NA,NA,1006.3337,16.772228333333334,-0.5855785808679164
71725,AnPhA-S216-01,3380,2837,0.8393491124260355,AnPhA,S216,01,5,2,M,5,5,4,5,5,5,4,5,4,4,3514.5498,58.575829999999996,1.2655985259104585
72287,FrScA-T116-01,2697,2199,0.8153503893214683,FrScA,T116,01,597,393.08,M,3,2,2,3,4,3,2,3,3,3,3946.5666,65.77611,1.584446495151886
73132,FrScA-S116-03,1175,955,0.8127659574468085,FrScA,S116,03,10,5.5,F,NA,NA,NA,NA,NA,NA,NA,NA,NA,NA,1746.5501,29.109168333333333,-0.039265345041902676
74551,PhysA-S116-01,5458,4114,0.7537559545621106,PhysA,S116,01,10,4.38,F,5,2,3,5,5,4,4,5,3,5,1014.5665,16.909441666666666,-0.5795024015129218
74552,AnPhA-S216-02,9388,7948,0.8466126970600767,AnPhA,S216,02,15,12,M,NA,NA,NA,NA,NA,NA,NA,NA,NA,NA,6123.8832,102.06472000000001,3.191404780814963
76132,AnPhA-T116-01,5630,4146,0.7364120781527531,AnPhA,T116,01,30,27,F,4,4,2,4,4,4,3,4,4,4,5037.3331,83.95555166666666,2.3894815850872284
76133,PhysA-S116-01,2519,2185,0.8674077014688368,PhysA,S116,01,20,20,F,5,4,3,4,4,4,4,4,3,4,1276.5167,21.275278333333333,-0.38617128727758276
76426,PhysA-S116-01,2571,2078,0.8082458187475691,PhysA,S116,01,10,10,F,1,2,2,3,4,4,5,3,2,1,850.7329,14.178881666666665,-0.7004190201571788
76443,OcnA-S216-01,5728,4900,0.8554469273743017,OcnA,S216,01,10,7.3,F,4,3,4,5,5,4,3,NA,4,4,100.3334,1.6722233333333334,-1.2542478450889458
76673,AnPhA-S216-01,5742,3396,0.5914315569487983,AnPhA,S216,01,403,274.77,F,NA,NA,NA,NA,NA,NA,NA,NA,NA,NA,4945.2164,82.42027333333334,2.3214952874982884
76674,AnPhA-S216-01,6328,4956,0.7831858407079646,AnPhA,S216,01,5,4,F,NA,NA,NA,NA,NA,NA,NA,NA,NA,NA,2368.4997,39.474995,0.4197616347665626
76840,AnPhA-S216-01,7860,6586,0.8379134860050891,AnPhA,S216,01,10,10,F,4,2,3,4,4,2,5,4,2,2,3968.1668,66.13611333333333,1.6003884212649646
76840,FrScA-S116-01,5205,4335,0.8328530259365994,FrScA,S116,01,5,5,F,NA,NA,NA,NA,NA,NA,NA,NA,NA,NA,2634.6832,43.911386666666665,0.616217116175099
76891,OcnA-S116-01,3775,3094,0.8196026490066225,OcnA,S116,01,10,10,F,3,4,3,5,4,5,5,4,2,3,2334.5502,38.90917,0.3947053658164622
76930,AnPhA-S116-02,4591,2734,0.5955129601394031,AnPhA,S116,02,5,4,M,4,4,3,2,3,4,4,4,4,4,2804.9832,46.74972,0.7419062309544666
76998,AnPhA-S216-01,4378,3704,0.8460484239378712,AnPhA,S216,01,10,7.5,F,4,4,4,5,4,4,4,4,4,4,1270.0997,21.16832833333333,-0.39090732397481814
77010,AnPhA-S116-01,7233,5348,0.7393889119314254,AnPhA,S116,01,10,NA,M,NA,NA,NA,NA,NA,NA,NA,NA,NA,NA,1533.0996,25.551660000000002,-0.1968014835869018
77067,FrScA-S216-02,2104,1723,0.8189163498098859,FrScA,S216,02,10,NA,F,5,5,3,5,4,1,4,5,4,4,40.4334,0.67389,-1.2984567586255524
77141,FrScA-S216-02,3423,2937,0.8580192813321648,FrScA,S216,02,28,26,M,5,4,3,5,5,4,4,5,4,5,3020.7167,50.34527833333333,0.9011273269219042
77169,BioA-S116-01,2276,2058,0.9042179261862917,BioA,S116,01,30,27,F,5,5,3,4,4,5,4,5,4,5,735.0999,12.251665000000001,-0.7857614124606586
77190,FrScA-S216-01,2634,1534,0.5823842065299925,FrScA,S216,01,10,9,F,NA,NA,NA,NA,NA,NA,NA,NA,NA,NA,763.1498,12.719163333333334,-0.7650593155689981
77246,FrScA-S116-01,4235,2814,0.6644628099173554,FrScA,S116,01,10,9,F,4,4,2,2,4,4,2,4,4,3,782.5002,13.04167,-0.7507778437743611
77298,FrScA-S116-02,2654,1496,0.5636774679728711,FrScA,S116,02,10,10,M,4,3,2,5,5,4,3,5,3,5,1907.6502,31.79417,0.07963382677176485
77976,FrScA-S116-03,8074,6916,0.856576665840971,FrScA,S116,03,10,9,F,5,3,4,5,4,3,5,5,4,5,2448.4838,40.80806333333333,0.4787935239352321
77980,FrScA-S216-02,2516,1921,0.7635135135135135,FrScA,S216,02,220,194.64,M,4,3,2,2,4,3,4,4,3,2,3031.3165,50.52194166666666,0.9089504595046308
78000,FrScA-S216-01,3077,2560,0.831979200519987,FrScA,S216,01,220,102.82,F,5,NA,5,5,5,4,5,5,2,4,1366.5835,22.776391666666665,-0.3196979087513917
78002,OcnA-S216-02,3358,2432,0.7242406194163192,OcnA,S216,02,10,10,F,3,4,4,3,4,5,3,NA,4,2,1290.4502,21.507503333333332,-0.37588773307453915
78153,PhysA-S216-01,4460,2546,0.5708520179372197,PhysA,S216,01,30,30,F,4,4,3,5,4,5,4,5,4,4,1769.8667,29.497778333333333,-0.02205663797399539
78164,AnPhA-S216-01,1802,1388,0.7702552719200888,AnPhA,S216,01,10,10,F,5,5,4,5,5,4,3,5,3,5,2591.6168,43.19361333333333,0.5844321620192907
78241,OcnA-S216-02,4944,3571,0.7222896440129449,OcnA,S216,02,15,15,F,5,4,3,5,5,5,5,5,5,5,26.9168,0.4486133333333333,-1.3084326217425624
78691,FrScA-S116-03,7134,3860,0.5410709279506588,FrScA,S116,03,10,6,M,NA,NA,NA,NA,NA,NA,NA,NA,NA,NA,1559.9667,25.999444999999998,-0.1769723466773966
79128,PhysA-S116-01,2928,2465,0.8418715846994536,PhysA,S116,01,10,6,F,4,3,2,5,4,5,4,4,5,3,1910.2338,31.837229999999998,0.08154064061171767
79220,AnPhA-S116-02,2170,1704,0.7852534562211981,AnPhA,S116,02,10,8,F,4,2,2,4,4,3,4,4,2,4,3781.6498,63.02749666666667,1.4627304258374643
79352,PhysA-S116-01,3164,1720,0.5436156763590392,PhysA,S116,01,10,10,F,5,5,3,5,5,5,5,5,5,5,1062.8665,17.71444166666667,-0.5438548134692138
79596,PhysA-S116-01,2031,1549,0.7626784835056623,PhysA,S116,01,5,5,F,4,3,2,5,4,4,4,4,3,3,1546.4166,25.77361,-0.1869729343119938
79859,AnPhA-T116-01,8266,6358,0.769174933462376,AnPhA,T116,01,15,15,F,3,4,3,4,4,5,3,5,4,4,2040.7333,34.01222166666667,0.17785518338417847
79893,OcnA-T116-01,3168,2477,0.7818813131313131,OcnA,T116,01,10,10,F,4,4,4,4,4,4,4,4,4,4,1856.6669,30.944448333333334,0.04200584177158321
80822,OcnA-S216-01,4918,3443,0.7000813338755592,OcnA,S216,01,10,9,F,5,5,4,5,5,5,4,5,5,5,4538.4835,75.64139166666668,2.0213079818456463
84632,PhysA-T116-01,3936,2512,0.6382113821138211,PhysA,T116,01,10,NA,F,4,4,4,4,4,NA,NA,NA,NA,NA,1289.1006,21.48501,-0.37688379901291985
84640,AnPhA-T116-01,3300,2494,0.7557575757575757,AnPhA,T116,01,10,7.375,F,4,4,3,4,4,4,4,4,2,4,2362.1,39.36833333333333,0.4150383662530364
84641,AnPhA-T116-01,2978,2183,0.7330423102753526,AnPhA,T116,01,10,5,M,NA,NA,NA,NA,NA,NA,NA,NA,NA,NA,4614.4,76.90666666666667,2.077337797947512
84645,OcnA-T116-01,3349,3042,0.9083308450283667,OcnA,T116,01,10,10,F,5,5,5,5,5,5,5,5,5,5,48.0332,0.8005533333333333,-1.2928477619461616
84684,OcnA-T116-01,8288,6558,0.7912644787644788,OcnA,T116,01,10,8,M,4,2,3,3,4,NA,NA,NA,NA,NA,3095.2494,51.58749,0.9561358359360921
84685,OcnA-T116-01,2875,2403,0.8358260869565217,OcnA,T116,01,105,103.51,F,4,4,3,3,4,4,4,4,4,4,3073.6162,51.22693666666667,0.9401695543280766
84749,AnPhA-T116-01,3398,2580,0.75927015891701,AnPhA,T116,01,10,10,F,5,4,4,2,4,4,2,5,4,4,4199.4169,69.99028166666668,1.7710614709516364
84757,AnPhA-T116-01,3262,2824,0.8657265481299816,AnPhA,T116,01,30,30,F,NA,NA,NA,NA,NA,NA,NA,NA,NA,NA,128.6165,2.1436083333333333,-1.2333736360330658
84794,BioA-T116-01,2092,1742,0.8326959847036329,BioA,T116,01,10,5,F,5,5,5,5,5,5,4,5,5,5,919.5,15.325,-0.6496657851310823
84932,OcnA-S216-01,4940,4244,0.8591093117408907,OcnA,S216,01,10,10,F,4,4,4,5,4,5,4,4,3,4,2573.4502,42.89083666666667,0.5710243882521104
85123,FrScA-S216-01,3169,2670,0.8425370779425686,FrScA,S216,01,615,562.5,F,5,4,3,4,4,NA,NA,NA,NA,NA,1341.7002,22.36167,-0.338062911392551
85248,AnPhA-S216-01,2696,2177,0.8074925816023739,AnPhA,S216,01,5,5,M,NA,NA,NA,NA,NA,NA,NA,NA,NA,NA,2269.8829,37.831381666666665,0.34697796891586447
85249,AnPhA-S116-01,2642,1846,0.6987130961392884,AnPhA,S116,01,10,9,F,4,2,3,5,5,3,4,5,3,3,1209.8496,20.16416,-0.43537462717134406
85258,FrScA-S116-02,2814,1825,0.648542999289268,FrScA,S116,02,10,10,F,NA,NA,NA,NA,NA,NA,NA,NA,NA,NA,NA,NA,NA
85258,FrScA-S216-01,2897,2283,0.7880566102865033,FrScA,S216,01,10,10,F,5,5,4,5,5,4,3,5,3,5,2285.7836,38.09639333333334,0.35871340583525557
85287,FrScA-S216-01,5152,4214,0.8179347826086957,FrScA,S216,01,10,9,F,5,4,4,4,5,5,NA,5,4,4,156.5829,2.609715,-1.2127331659240483
85292,BioA-S116-01,2810,2069,0.7362989323843416,BioA,S116,01,625,469.56,F,4,4,3,4,4,4,4,4,4,4,264.2002,4.403336666666666,-1.133306723340692
85323,FrScA-S116-01,9240,7830,0.8474025974025974,FrScA,S116,01,10,7.5,F,3,3,2,2,2,4,3,3,2,3,1449.7001,24.161668333333335,-0.258354092676989
85348,FrScA-S216-03,4254,3677,0.8643629525152797,FrScA,S216,03,12,4.68,M,3,3,3,3,3,3,2,3,3,3,608.2501,10.137501666666667,-0.8793823112976509
85355,OcnA-S116-01,3392,2754,0.8119103773584906,OcnA,S116,01,15,15,F,5,5,3,5,5,5,5,5,5,5,594.6165,9.910275,-0.889444525714891
85390,PhysA-S116-01,3774,2970,0.7869634340222575,PhysA,S116,01,20,20,F,5,NA,4,5,5,4,5,5,5,4,0.7,0.011666666666666665,-1.3277818077927543
85410,OcnA-S116-02,6901,5401,0.782640197072888,OcnA,S116,02,625,576.21833,F,NA,NA,NA,NA,NA,NA,NA,NA,NA,NA,6771.9673,112.86612166666667,3.669720205545339
85411,AnPhA-S116-01,3098,2521,0.8137508069722401,AnPhA,S116,01,30,26.63,F,NA,NA,NA,NA,NA,NA,NA,NA,NA,NA,473.0333,7.883888333333333,-0.979178435169047
85416,FrScA-S116-01,4016,3193,0.7950697211155379,FrScA,S116,01,10,10,M,4,4,2,4,4,4,3,4,4,4,846.5665,14.109441666666667,-0.7034940120997316
85431,FrScA-S116-01,1176,974,0.8282312925170068,FrScA,S116,01,30,28,F,5,3,4,4,5,5,4,5,4,5,1448.9339,24.14889833333333,-0.25891958298670104
85432,FrScA-S116-01,1208,472,0.39072847682119205,FrScA,S116,01,30,24,F,5,5,4,5,5,5,4,5,4,5,874.0172,14.566953333333334,-0.6832341519524975
85433,FrScA-S116-01,3208,2426,0.7562344139650873,FrScA,S116,01,30,28.88,F,3,4,2,3,3,4,3,3,4,4,2575.4667,42.924445,0.5725126566018025
85443,FrScA-S116-01,1965,1562,0.794910941475827,FrScA,S116,01,30,25,F,5,4,4,5,4,5,3,5,2,5,1564.633,26.07721666666667,-0.1735284058888178
85482,OcnA-S116-02,4318,3474,0.8045391384900417,OcnA,S116,02,10,10,M,5,5,5,NA,5,5,5,5,5,5,1822.5494,30.375823333333337,0.01682558121089591
85487,OcnA-S116-02,5883,4866,0.827129015808261,OcnA,S116,02,10,5.5,F,4,3,4,4,4,4,4,4,5,4,0.5833,0.009721666666666667,-1.3278679376793943
85522,PhysA-S116-01,1847,1218,0.6594477531131565,PhysA,S116,01,5,5,F,3,2,2,4,3,3,3,4,3,4,968.3333,16.138888333333334,-0.6136245975282915
85539,FrScA-S116-01,5208,4568,0.8771121351766513,FrScA,S116,01,5,5,F,NA,NA,NA,NA,NA,NA,NA,NA,NA,NA,2948.6174,49.14362333333334,0.8479147773434426
85567,FrScA-S116-02,6404,4721,0.7371955028107433,FrScA,S116,02,10,10,F,4,4,3,4,4,4,3,4,3,3,2544.3666,42.40611,0.5495593739326902
85573,FrScA-S116-03,10652,8792,0.8253849042433345,FrScA,S116,03,10,NA,M,5,5,5,5,5,5,5,5,5,5,1978.0169,32.966948333333335,0.1315676390615201
85574,FrScA-S116-03,1671,1229,0.7354877318970676,FrScA,S116,03,5,5,F,NA,NA,NA,NA,NA,NA,NA,NA,NA,NA,1871.1168,31.18528,0.05267052256812103
85579,FrScA-S116-01,2017,1431,0.7094695091720377,FrScA,S116,01,10,10,F,5,1,3,5,5,5,3,5,3,5,2822.5166,47.04194333333333,0.754846674436983
85583,AnPhA-S116-01,4104,3237,0.7887426900584795,AnPhA,S116,01,30,30,F,4,3,3,4,4,4,4,4,3,4,5532.4164,92.20694,2.7548754883112334
85583,FrScA-S216-01,4141,3481,0.8406182081622796,FrScA,S216,01,24,NA,F,5,2,5,5,5,3,5,5,3,4,3382.9006,56.381676666666664,1.1684354524553096
85642,FrScA-S216-01,2884,1789,0.6203190013869625,FrScA,S216,01,10,NA,F,5,3,4,5,4,4,3,4,4,5,1627.3499,27.122498333333333,-0.12724049254350897
85644,FrScA-S216-01,2903,2152,0.7413021012745435,FrScA,S216,01,30,30,F,NA,NA,NA,NA,NA,NA,NA,NA,NA,NA,890.4333,14.840555,-0.6711183264849133
85644,OcnA-S116-01,5540,4327,0.7810469314079422,OcnA,S116,01,10,7,F,NA,NA,NA,NA,NA,NA,NA,NA,NA,NA,1632.4,27.206666666666667,-0.12351328996836332
85649,FrScA-S116-01,1173,916,0.7809036658141517,FrScA,S116,01,10,10,M,NA,NA,NA,NA,NA,NA,NA,NA,NA,NA,1464.4668,24.40778,-0.24745559912905907
85650,FrScA-S116-01,5678,4416,0.7777386403663261,FrScA,S116,01,10,10,M,4,3,2,4,4,4,4,4,4,4,2689.1334,44.81889,0.6564038304297058
85651,FrScA-S116-01,4366,3506,0.8030233623453963,FrScA,S116,01,10,10,F,NA,NA,NA,NA,NA,NA,NA,NA,NA,NA,565.7832,9.42972,-0.9107248072954425
85659,FrScA-S116-01,3273,2764,0.8444851817904063,FrScA,S116,01,5,5,M,NA,NA,NA,NA,NA,NA,NA,NA,NA,NA,NA,NA,NA
85659,FrScA-S216-01,2923,2065,0.7064659596305166,FrScA,S216,01,80,64.5,F,4,3,3,5,4,5,5,5,3,3,816.7002,13.61167,-0.725536694476332
85661,FrScA-S116-02,3905,3363,0.8612035851472472,FrScA,S116,02,720,647,F,5,3,4,5,5,5,4,5,3,5,1375.4834,22.924723333333336,-0.31312937937602525
85662,FrScA-S116-01,4508,2726,0.6047027506654836,FrScA,S116,01,30,18.6,M,5,4,4,5,4,3,5,5,4,4,107.8999,1.7983316666666667,-1.248663425318082
85663,FrScA-S116-01,4068,2492,0.6125860373647984,FrScA,S116,01,10,10,M,5,4,4,5,5,4,4,5,4,5,191.3834,3.1897233333333332,-1.1870488204227014
85665,FrScA-S116-01,3100,2660,0.8580645161290322,FrScA,S116,01,5,5,M,4,2,2,3,4,4,4,4,3,3,4046.6159,67.44359833333333,1.658287410896427
85668,FrScA-S116-01,2611,1922,0.7361164304864036,FrScA,S116,01,15,15,F,3,4,2,3,3,4,3,3,2,2,379.1335,6.3188916666666675,-1.0484807413344002
85698,FrScA-S116-02,2297,1927,0.8389203308663474,FrScA,S116,02,10,8,F,5,4,3,5,4,4,3,3,3,4,1070.2167,17.836945,-0.5384300328969808
85700,FrScA-S116-03,5454,4312,0.7906123945727906,FrScA,S116,03,5,NA,M,5,4,3,5,5,4,3,5,4,5,787.2831,13.121385,-0.7472478469036726
85701,FrScA-S116-03,2718,2173,0.7994849153789552,FrScA,S116,03,30,13.87,F,NA,NA,NA,NA,NA,NA,NA,NA,NA,NA,2381.6998,39.69499666666666,0.42950390654577064
85702,FrScA-S116-03,3990,3207,0.8037593984962406,FrScA,S116,03,10,10,F,5,5,5,5,5,5,5,5,5,5,638.7338,10.645563333333333,-0.8568839597521442
85704,FrScA-S116-03,3562,3044,0.8545760808534532,FrScA,S116,03,30,16.35,F,3,4,2,3,3,4,4,3,2,2,1376.483,22.94138333333333,-0.3123916292930338
85791,FrScA-S116-01,7120,6256,0.8786516853932584,FrScA,S116,01,10,6,F,3,3,3,3,4,3,3,3,2,2,1461.8332,24.363886666666666,-0.24939931523406744
85792,FrScA-S116-01,2637,1799,0.6822146378460372,FrScA,S116,01,10,10,F,4,4,3,4,4,5,3,5,3,4,1687.3165,28.121941666666665,-0.0829824251898483
85796,FrScA-S216-01,3446,1984,0.575739988392339,FrScA,S216,01,30,14.25,F,4,4,3,5,4,4,4,4,3,4,1024.7833,17.079721666666668,-0.571961940280521
85865,AnPhA-S116-01,3382,2100,0.6209343583678297,AnPhA,S116,01,5,5,F,NA,NA,NA,NA,NA,NA,NA,NA,NA,NA,95.3,1.5883333333333334,-1.2579627223075627
85866,AnPhA-S116-01,2248,1812,0.806049822064057,AnPhA,S116,01,5,NA,F,3,3,3,2,2,4,2,3,2,2,3050.0831,50.83471833333333,0.9228010604524786
85867,FrScA-S216-04,2564,2141,0.8350234009360374,FrScA,S216,04,443,378.5,F,5,3,3,4,5,4,3,4,3,4,1283.4669,21.391115,-0.3810417248257944
85889,BioA-S116-01,2619,2134,0.8148148148148148,BioA,S116,01,10,9,F,5,3,4,5,5,4,5,5,5,5,297.5167,4.958611666666667,-1.108717637066195
85891,FrScA-S116-03,2824,2318,0.8208215297450425,FrScA,S116,03,10,9,F,NA,NA,NA,NA,NA,NA,NA,NA,NA,NA,1784.2506,29.73751,-0.011440668167330985
85929,FrScA-S116-01,3830,3468,0.9054830287206266,FrScA,S116,01,10,10,M,5,3,3,5,4,4,3,5,3,5,1297.9167,21.631944999999998,-0.3703771178337867
85930,FrScA-S116-01,2685,2229,0.8301675977653631,FrScA,S116,01,30,24,M,NA,NA,NA,NA,NA,NA,NA,NA,NA,NA,1647.2669,27.454448333333335,-0.11254084428126188
85953,PhysA-S116-01,4500,3492,0.776,PhysA,S116,01,24,18,F,3,4,2,4,2,4,4,3,3,2,3255.3003,54.255005,1.0742606506198327
85962,PhysA-S116-01,2954,2017,0.6828029790115098,PhysA,S116,01,5,4,F,4,3,3,4,4,4,4,4,3,3,1349.9664,22.49944,-0.3319620813244993
85970,AnPhA-S116-01,3872,3155,0.8148243801652892,AnPhA,S116,01,5,5,M,3,2,3,4,4,4,3,3,4,3,610.8334,10.180556666666666,-0.8774757188712883
86002,FrScA-S216-04,2892,2116,0.7316735822959889,FrScA,S216,04,597,564.85,F,5,5,5,5,5,5,5,5,5,5,501.1839,8.353064999999999,-0.9584020171155646
86067,BioA-S116-01,1710,1351,0.7900584795321638,BioA,S116,01,10,NA,F,NA,NA,NA,NA,NA,NA,NA,NA,NA,NA,516.7003,8.611671666666666,-0.9469502110053909
86072,AnPhA-S116-01,6090,4678,0.768144499178982,AnPhA,S116,01,30,25,F,4,4,3,4,4,4,3,5,3,4,608.1834,10.13639,-0.879431538919235
86105,FrScA-S116-01,2556,2158,0.8442879499217527,FrScA,S116,01,421,399,F,NA,NA,NA,NA,NA,NA,NA,NA,NA,NA,4075.5504,67.92584000000001,1.6796423826614513
86110,BioA-S116-01,5727,4596,0.8025144054478784,BioA,S116,01,10,4,M,5,4,4,5,4,5,5,5,4,5,3954.2997,65.904995,1.5901538732699145
86113,BioA-S116-01,15508,13140,0.8473046169718855,BioA,S116,01,10,10,F,3,3,3,3,3,3,2,3,1,4,63.6837,1.061395,-1.2812969839611088
86119,AnPhA-S116-01,3253,2742,0.8429142330156778,AnPhA,S116,01,30,NA,F,4,4,3,5,4,4,4,4,4,4,2127.0664,35.45110666666667,0.2415729221696078
86130,BioA-S116-01,8748,6928,0.791952446273434,BioA,S116,01,10,10,F,4,3,3,4,4,3,3,4,3,4,142.7337,2.378895,-1.222954502908208
86133,OcnA-S116-02,5844,4600,0.7871321013004792,OcnA,S116,02,535,447.97333,F,5,3,3,3,5,4,4,5,3,5,1581.7665,26.362775,-0.16088310672221603
86202,BioA-S116-01,2040,1649,0.8083333333333333,BioA,S116,01,10,10,M,4,3,3,5,5,5,4,5,3,5,1391.0673,23.184455,-0.30162775520802665
86216,BioA-S116-01,2370,1856,0.7831223628691983,BioA,S116,01,75,65,F,5,3,4,4,5,4,3,5,4,5,1855.9338,30.93223,0.04146478076133808
86229,FrScA-S216-01,2791,1846,0.6614116804012898,FrScA,S216,01,15,13,F,5,4,5,5,4,4,4,4,3,5,1210.0499,20.167498333333334,-0.43522679669753134
86240,OcnA-S216-01,3789,2316,0.611243072050673,OcnA,S216,01,24,16,F,3,4,3,4,4,5,3,4,3,4,1800.2174,30.003623333333334,3.435535464634581e-4
86251,FrScA-S216-01,3598,2967,0.8246247915508615,FrScA,S216,01,5,5,M,5,5,5,5,5,5,5,5,5,5,1374.95,22.915833333333335,-0.3135230527396384
86267,AnPhA-S116-01,1762,1387,0.7871736662883088,AnPhA,S116,01,10,8,F,5,5,3,5,5,5,4,5,5,5,406.0001,6.766668333333333,-1.0286519734475454
86268,AnPhA-S216-01,3804,3378,0.88801261829653,AnPhA,S216,01,10,7.66667,F,NA,NA,NA,NA,NA,NA,NA,NA,NA,NA,1272.3172,21.205286666666666,-0.3892707085196024
86271,FrScA-S116-01,5041,4173,0.8278119420749851,FrScA,S116,01,5,5,M,NA,NA,NA,NA,NA,NA,NA,NA,NA,NA,282.7834,4.713056666666666,-1.119591479901068
86275,AnPhA-S116-01,2784,2081,0.7474856321839081,AnPhA,S116,01,5,5,F,4,4,3,4,4,4,3,4,4,4,7067.1498,117.78583,3.887578262640821
86277,AnPhA-S116-01,2503,2097,0.8377946464242908,AnPhA,S116,01,10,10,M,4,3,4,4,4,4,3,4,4,5,3856.8672,64.28112,1.5182442744693232
86280,FrScA-S116-01,6754,4864,0.7201658276576843,FrScA,S116,01,625,545.58,F,4,3,2,4,4,4,4,4,3,4,2167.9669,36.132781666666666,0.27175934400773744
86286,AnPhA-S116-01,4688,3888,0.8293515358361775,AnPhA,S116,01,5,9,F,5,5,4,5,5,5,5,5,5,5,4140.4495,69.00749166666667,1.7275408584628464
86294,AnPhA-S116-01,3325,2580,0.7759398496240602,AnPhA,S116,01,30,21,F,5,5,5,5,5,5,3,5,5,5,4239.5495,70.65915833333334,1.8006811478030422
86296,OcnA-S216-01,10911,7752,0.7104756667583173,OcnA,S216,01,5,3,M,4,3,3,4,4,3,4,4,2,5,403.8,6.73,-1.030275746914522
86309,FrScA-S116-03,10054,7226,0.7187189178436443,FrScA,S116,03,10,10,M,NA,NA,NA,NA,NA,NA,NA,NA,1,NA,1219.4837,20.324728333333333,-0.4282642249359013
86314,AnPhA-S116-02,2440,1986,0.8139344262295082,AnPhA,S116,02,10,7.75,F,3,1,1,3,2,1,2,3,1,2,3030.1667,50.50277833333334,0.9081018550174126
86339,FrScA-S116-01,3272,2266,0.6925427872860636,FrScA,S116,01,5,3,F,4,4,3,5,4,4,4,4,3,4,598.783,9.979716666666667,-0.8863694599678078
86340,FrScA-S116-01,4012,2903,0.7235792622133599,FrScA,S116,01,10,10,F,4,3,3,4,4,3,4,4,2,5,1077.3504,17.955840000000002,-0.5331650391324383
86340,OcnA-S216-01,4284,3291,0.7682072829131653,OcnA,S216,01,50,44,M,NA,NA,NA,NA,NA,NA,NA,NA,NA,NA,111.5834,1.8597233333333334,-1.2459448354514362
86349,FrScA-S216-01,3599,3243,0.901083634342873,FrScA,S216,01,15,12,F,4,4,2,4,3,3,3,4,3,4,847.9663,14.132771666666667,-0.7024608962872351
86349,OcnA-S116-01,4232,3862,0.9125708884688091,OcnA,S116,01,10,10,M,NA,NA,NA,NA,NA,NA,NA,NA,NA,NA,1601.1335,26.685558333333333,-0.14658938337558067
86353,PhysA-S116-01,8673,7146,0.8239363542026981,PhysA,S116,01,10,10,F,5,5,5,5,5,5,2,5,5,5,328.5168,5.47528,-1.085838158927194
86364,FrScA-S116-01,4028,3340,0.8291956305858987,FrScA,S116,01,10,10,F,5,4,3,5,5,5,5,5,3,5,3429.2834,57.15472333333333,1.2026680600477255
86365,FrScA-S116-01,1308,941,0.7194189602446484,FrScA,S116,01,5,5,F,5,5,5,4,4,5,5,5,5,5,1027.7002,17.128336666666666,-0.5698091359417076
86429,AnPhA-S116-01,2634,2310,0.876993166287016,AnPhA,S116,01,15,14,F,NA,NA,NA,NA,NA,NA,NA,NA,NA,NA,7003.0005,116.716675,3.840233173206199
86432,AnPhA-S116-01,3244,2339,0.721023427866831,AnPhA,S116,01,10,9,F,5,4,4,5,5,5,5,5,5,5,3715.9002,61.931670000000004,1.4142042425074732
86446,AnPhA-S116-01,1812,1353,0.7466887417218543,AnPhA,S116,01,10,8,M,4,4,3,4,5,3,5,4,3,2,2527.6997,42.128328333333336,0.5372584467035875
86451,AnPhA-S116-01,2650,2256,0.8513207547169811,AnPhA,S116,01,15,8,M,4,3,3,4,4,4,4,4,3,4,4176.8337,69.613895,1.7543940463075647
86455,FrScA-S116-01,7569,6510,0.8600871977804201,FrScA,S116,01,30,28.88,F,4,2,2,4,4,4,4,4,2,4,1616.3337,26.938895,-0.1353709471896186
86455,OcnA-S216-01,3477,2313,0.6652286453839517,OcnA,S216,01,140,94.05,F,5,5,5,5,5,5,5,5,5,5,2337.4167,38.956945000000005,0.3968209726720997
86460,OcnA-S116-01,4838,3408,0.7044233154195949,OcnA,S116,01,15,15,F,NA,NA,NA,NA,NA,NA,NA,NA,NA,NA,1891.1999,31.519998333333334,0.06749276015488274
86476,AnPhA-S116-01,4836,3746,0.7746071133167908,AnPhA,S116,01,30,NA,F,NA,NA,NA,NA,NA,NA,NA,NA,NA,NA,1937.5168,32.29194666666667,0.10167673056195548
86476,FrScA-S116-01,1821,1426,0.7830862163646348,FrScA,S116,01,10,10,M,5,5,4,5,4,4,4,5,3,4,1673.8004,27.896673333333336,-0.09295791928420759
86479,AnPhA-S116-01,1544,935,0.6055699481865285,AnPhA,S116,01,5,NA,M,4,3,3,4,4,4,3,4,3,5,2712.234,45.2039,0.6734531197125727
86484,AnPhA-S116-01,3365,2188,0.650222882615156,AnPhA,S116,01,30,26,F,4,4,4,4,4,4,4,4,2,4,1872.0336,31.20056,0.05334716250018045
86488,AnPhA-S116-01,2902,1794,0.6181943487250172,AnPhA,S116,01,24,14,M,4,4,2,3,3,3,3,2,3,3,3599.7168,59.99528,1.3284556300702615
86490,FrScA-S216-01,5204,4150,0.7974634896233667,FrScA,S216,01,5,5,F,5,4,4,5,4,4,5,4,4,4,1101.2833,18.354721666666666,-0.5155014747454558
86492,AnPhA-S116-01,2080,1515,0.7283653846153846,AnPhA,S116,01,15,NA,F,NA,NA,NA,NA,NA,NA,NA,NA,NA,NA,893.1332,14.885553333333332,-0.6691256779764412
86504,AnPhA-S116-01,2435,1946,0.7991786447638604,AnPhA,S116,01,10,NA,F,NA,NA,NA,NA,NA,NA,NA,NA,NA,NA,1551.3498,25.85583,-0.1833320092325483
86515,FrScA-S216-01,3879,2967,0.7648878576952823,FrScA,S216,01,5,4,M,5,4,3,4,4,4,4,5,2,4,846.0835,14.101391666666666,-0.7038504879801688
86527,OcnA-S216-01,3587,2462,0.6863674379704489,OcnA,S216,01,5,5,M,4,3,3,4,4,4,NA,4,3,2,2211.5331,36.858885,0.30391317320504163
86543,FrScA-S116-01,1646,1274,0.7739975698663426,FrScA,S116,01,10,NA,M,NA,NA,NA,NA,NA,NA,NA,NA,NA,NA,1425.9832,23.766386666666666,-0.27585823927893144
86580,BioA-S116-01,5073,3824,0.7537945988566923,BioA,S116,01,30,23,M,5,5,4,5,5,5,5,5,5,5,1076.5339,17.942231666666665,-0.5337676531207963
86588,AnPhA-S116-01,5665,4877,0.8609002647837599,AnPhA,S116,01,5,5,F,5,4,5,5,4,4,4,5,4,5,67.5167,1.1252783333333334,-1.2784680563219468
86608,AnPhA-S116-01,3502,2783,0.7946887492861222,AnPhA,S116,01,55,55,F,3,2,4,4,3,3,4,4,3,4,3109.0664,51.817773333333335,0.9663334078615561
86618,FrScA-S116-03,4520,3698,0.8181415929203539,FrScA,S116,03,10,4,F,4,3,3,5,5,3,4,4,3,4,2393.4669,39.891115,0.4381885594084853
86627,FrScA-S116-02,1385,1014,0.7321299638989169,FrScA,S116,02,10,10,F,4,3,3,4,4,3,3,3,3,3,2193.117,36.551950000000005,0.29032125713523366
86679,FrScA-S116-01,3011,2100,0.697442710063102,FrScA,S116,01,15,15,F,4,4,3,4,4,3,4,5,4,5,2267.4,37.79,0.3451454762377336
86689,OcnA-S116-02,4196,3478,0.8288846520495711,OcnA,S116,02,5,5,M,NA,NA,NA,NA,NA,NA,NA,NA,NA,NA,2457.1828,40.953046666666665,0.48521378000960513
86697,OcnA-S216-02,2887,2265,0.7845514374783512,OcnA,S216,02,15,10,F,5,3,3,5,5,4,5,5,3,5,1133.4667,18.891111666666667,-0.49174866760164915
86707,AnPhA-S116-02,11181,7056,0.6310705661389858,AnPhA,S116,02,10,9,F,4,2,3,4,4,3,4,4,1,2,2143.133,35.71888333333333,0.253430800804453
86709,FrScA-S116-01,2742,2254,0.8220277169948942,FrScA,S116,01,438,383.5,F,NA,NA,NA,NA,NA,NA,NA,NA,NA,NA,1600.3334,26.67222333333333,-0.1471798934210003
86758,OcnA-S116-01,4696,3346,0.7125212947189097,OcnA,S116,01,30,NA,F,5,3,4,4,4,4,4,4,4,4,3742.8836,62.381393333333335,1.4341192140854977
86792,FrScA-S116-01,1991,1776,0.8920140632847815,FrScA,S116,01,10,NA,F,3,3,2,4,2,5,4,3,4,3,879.1998,14.65333,-0.6794091583749546
86793,FrScA-S116-01,6552,4650,0.7097069597069597,FrScA,S116,01,10,8,F,NA,NA,NA,NA,NA,NA,NA,NA,NA,NA,553.3835,9.223058333333334,-0.9198763476156404
86794,FrScA-S116-01,3875,3507,0.9050322580645161,FrScA,S116,01,30,30,F,NA,NA,NA,NA,NA,NA,NA,NA,NA,NA,1274.8167,21.246945,-0.38742596428947296
86803,FrScA-S116-01,5932,4700,0.7923128792987189,FrScA,S116,01,10,NA,M,NA,NA,NA,NA,NA,NA,NA,NA,NA,NA,3344.1504,55.73584,1.1398360494281607
86815,FrScA-S116-01,5162,3920,0.7593955831073227,FrScA,S116,01,15,7,M,4,5,3,5,4,5,4,5,3,5,1666.7332,27.778886666666665,-0.09817383303622619
86836,FrScA-S216-01,8636,6548,0.7582213987957388,FrScA,S216,01,930,927.75,F,2,2,2,1,3,2,5,2,2,3,1422.7335,23.712225,-0.27825666509395486
86836,OcnA-S116-01,4609,3989,0.8654805814710349,OcnA,S116,01,25,22,F,NA,NA,NA,NA,NA,NA,NA,NA,NA,NA,46.6833,0.778055,-1.2938440492981327
86882,FrScA-S116-03,5710,5270,0.9229422066549913,FrScA,S116,03,55,52,M,4,5,4,4,4,4,4,4,4,5,1294.8334,21.580556666666666,-0.37265273291070516
86942,AnPhA-S216-01,3234,1452,0.4489795918367347,AnPhA,S216,01,20,NA,F,5,4,3,5,4,4,4,3,3,5,3101.5166,51.691943333333334,0.9607613134472208
86943,OcnA-S116-01,3376,2561,0.7585900473933649,OcnA,S116,01,15,11,M,5,4,5,5,5,5,5,5,3,5,1377.5666,22.959443333333336,-0.3115918834047488
87001,OcnA-S116-02,9802,7810,0.7967761681289532,OcnA,S116,02,10,10,F,NA,NA,NA,NA,NA,NA,NA,NA,NA,NA,1202.6335,20.043891666666664,-0.44070043586869817
87010,FrScA-S116-01,7940,6586,0.829471032745592,FrScA,S116,01,5,1,F,5,3,3,5,4,4,3,5,2,3,1920.8168,32.01361333333333,0.08935137403338565
87020,FrScA-S216-01,1695,1373,0.8100294985250738,FrScA,S216,01,10,10,F,4,3,3,4,4,3,3,5,2,5,1788.9003,29.815005,-0.008008978930750733
87027,FrScA-S116-01,5250,3346,0.6373333333333333,FrScA,S116,01,30,28,M,5,5,4,4,4,5,4,5,4,5,1605.0336,26.75056,-0.14371093289671386
87043,AnPhA-S116-01,3096,2458,0.7939276485788114,AnPhA,S116,01,5,4,F,NA,NA,NA,NA,NA,NA,NA,NA,NA,NA,1587.1833,26.453055,-0.15688526293515279
87081,BioA-S116-01,2522,1851,0.7339413164155432,BioA,S116,01,10,9,F,3,3,2,2,3,3,3,2,3,3,181.5999,3.026665,-1.1942694866261303
87093,FrScA-S116-01,4179,3450,0.8255563531945441,FrScA,S116,01,597,549.45,F,5,5,4,4,4,5,5,5,4,4,486.65,8.110833333333334,-0.9691286937173959
87122,OcnA-S116-02,6432,3618,0.5625,OcnA,S116,02,10,7,F,5,4,4,5,4,4,4,4,3,5,546.4335,9.107225,-0.9250057624583687
87163,FrScA-S116-01,1317,1164,0.8838268792710706,FrScA,S116,01,10,10,F,NA,NA,NA,NA,NA,NA,NA,NA,NA,NA,1365.8501,22.764168333333334,-0.3202391911752271
87166,AnPhA-S116-01,4248,3485,0.8203860640301318,AnPhA,S116,01,438,343,M,5,4,3,5,5,5,4,5,4,5,1471.8833,24.531388333333332,-0.24198188615336216
87171,PhysA-S116-01,4605,2082,0.4521172638436482,PhysA,S116,01,5,2,M,4,4,3,4,4,4,3,4,4,4,768.6994,12.811656666666666,-0.7609634593659471
87209,OcnA-S116-02,3383,2749,0.8125923736328702,OcnA,S116,02,30,30,F,4,3,4,5,5,3,4,5,3,5,3755.1506,62.58584333333333,1.443172815794238
87484,FrScA-S116-01,8946,6908,0.7721886876816454,FrScA,S116,01,30,NA,F,4,4,4,5,4,4,5,4,5,5,3341.9499,55.699165,1.138211980743064
87485,FrScA-S116-01,4354,3490,0.8015617822691777,FrScA,S116,01,10,6,M,4,3,3,3,3,3,4,3,3,2,1451.8836,24.198059999999998,-0.2567425707620111
87489,FrScA-S116-01,15627,10812,0.6918794394317528,FrScA,S116,01,5,NA,M,4,3,3,4,4,4,4,4,3,5,1075.0999,17.918331666666667,-0.5348260100825909
87504,FrScA-S116-01,1599,1370,0.8567854909318324,FrScA,S116,01,10,10,F,NA,NA,NA,NA,NA,NA,NA,NA,NA,NA,1330.8502,22.180836666666668,-0.3460707029096157
87552,BioA-S116-01,3474,2833,0.8154864709268854,BioA,S116,01,10,9,F,4,3,3,3,4,4,3,4,2,5,1496.8001,24.94666833333333,-0.2235921589946156
87579,FrScA-S116-01,3779,2243,0.5935432654141307,FrScA,S116,01,930,425.63,M,3,3,3,3,4,4,3,3,2,3,1451.9169,24.198615,-0.2567179938534841
87670,OcnA-S216-01,2739,1896,0.6922234392113911,OcnA,S216,01,10,NA,F,NA,NA,NA,NA,NA,NA,NA,NA,NA,NA,1995.5832,33.25972,0.14453236423444316
87689,BioA-T116-01,1667,1279,0.767246550689862,BioA,T116,01,5,5,F,NA,NA,NA,NA,NA,NA,NA,NA,NA,NA,1525.0333,25.417221666666666,-0.2027547783992612
87693,FrScA-T116-01,2238,1777,0.7940125111706882,FrScA,T116,01,5,5,M,4,2,3,4,4,2,4,4,2,4,2479.8167,41.33027833333333,0.501918623550443
87805,FrScA-S116-01,4586,3838,0.8368948975141736,FrScA,S116,01,5,5,M,NA,NA,NA,NA,NA,NA,NA,NA,NA,NA,1388.1167,23.135278333333336,-0.3038054316734875
87825,OcnA-S216-01,3220,2789,0.8661490683229813,OcnA,S216,01,10,10,F,4,4,3,4,4,5,4,5,4,5,330.7998,5.51333,-1.0841532015047555
87861,FrScA-S216-01,8538,5368,0.6287186694776294,FrScA,S216,01,10,NA,M,4,2,2,3,4,3,3,4,2,2,3303.3832,55.05638666666667,1.1097480090286693
87865,AnPhA-T116-01,3681,2969,0.806574300461831,AnPhA,T116,01,5,5,F,4,5,3,3,3,4,4,4,3,4,1304.1168,21.73528,-0.3658011631623624
87866,FrScA-T116-01,6984,5502,0.7878006872852233,FrScA,T116,01,5,NA,M,5,4,3,5,4,4,3,3,3,5,1988.8836,33.14806,0.13958775593511333
87905,FrScA-S116-01,5502,4478,0.8138858596873864,FrScA,S116,01,597,440.43,F,5,5,4,4,4,5,4,5,4,5,2166.8999,36.11499833333333,0.270971849671451
87906,FrScA-S116-01,1003,802,0.7996011964107677,FrScA,S116,01,105,104.5,F,4,3,3,5,5,4,5,5,3,4,1095.6001,18.260001666666668,-0.5196959338007353
87914,FrScA-S116-01,7935,6414,0.8083175803402647,FrScA,S116,01,15,13,F,4,4,4,4,5,4,4,4,4,4,1156.1668,19.269446666666667,-0.4749949654618774
87927,FrScA-S116-01,2607,1993,0.7644802454929037,FrScA,S116,01,5,5,M,3,5,3,3,4,5,4,4,4,3,3934.8498,65.58083,1.5757989659678173
87955,OcnA-T116-01,6026,4530,0.751742449385994,OcnA,T116,01,5,10,F,4,3,3,4,4,3,4,4,3,4,2420.5994,40.34332333333334,0.45821357354090575
87970,OcnA-S116-01,6019,4272,0.7097524505731849,OcnA,S116,01,10,10,F,5,4,4,5,4,5,3,4,3,5,3123.3502,52.055836666666664,0.976875499333579
87988,FrScA-S216-02,1997,1760,0.8813219829744617,FrScA,S216,02,5,3,F,5,4,3,5,5,5,5,5,4,4,7.8831,0.131385,-1.3224803545903372
88048,FrScA-S216-02,4666,3621,0.7760394342048864,FrScA,S216,02,10,7.375,M,4,3,2,4,4,3,3,4,3,3,2269.133,37.81888333333333,0.34642450874456043
88050,AnPhA-S116-01,4590,3542,0.771677559912854,AnPhA,S116,01,30,27.75,F,4,4,3,5,4,4,4,4,4,5,2130.6666,35.51111,0.24423003286267098
88068,AnPhA-S116-01,2807,2385,0.8496615603847524,AnPhA,S116,01,10,10,F,5,4,5,5,4,4,3,4,3,4,535.8334,8.930556666666666,-0.9328291164546856
88075,FrScA-S116-04,3827,2906,0.7593415207734517,FrScA,S116,04,10,10,F,3,5,3,4,3,4,3,4,4,4,4323.8332,72.06388666666666,1.8628863365483728
88091,PhysA-S116-01,2490,2088,0.8385542168674699,PhysA,S116,01,10,7,M,4,2,2,4,3,3,3,4,2,3,262.5502,4.375836666666667,-1.1345244980875266
88099,AnPhA-S116-01,4077,2890,0.7088545499141525,AnPhA,S116,01,10,9,F,4,3,2,4,4,3,4,4,3,4,2615.4998,43.59166333333334,0.6020588979457479
88153,AnPhA-S116-01,9144,7402,0.8094925634295713,AnPhA,S116,01,5,5,F,5,4,4,5,5,5,5,4,4,5,6954.6997,115.91166166666667,3.8045849947262504
88166,OcnA-S116-02,10402,8448,0.8121515093251298,OcnA,S116,02,10,9.6,F,4,4,3,4,4,4,4,4,3,4,2137.7164,35.62860666666666,0.24943310462644994
88168,OcnA-S116-02,4405,3676,0.8345062429057889,OcnA,S116,02,37,37,F,4,4,4,5,4,4,4,4,4,5,2885.7832,48.09638666666667,0.801540291284313
88261,FrScA-S116-01,3076,2366,0.7691807542262679,FrScA,S116,01,625,482.99333,F,5,4,3,5,5,4,4,5,4,5,1269.6667,21.161111666666667,-0.39122689759019963
88282,OcnA-T116-01,6702,5260,0.7848403461653238,OcnA,T116,01,10,7,F,4,2,3,4,4,3,4,4,3,2,2373.7169,39.56194833333333,0.42361216471152396
88296,PhysA-S116-01,6878,5242,0.7621401570223902,PhysA,S116,01,10,5,F,5,4,5,5,5,5,5,5,5,5,1190.5998,19.843329999999998,-0.4495818516086892
88307,OcnA-S116-03,8052,5940,0.7377049180327869,OcnA,S116,03,10,NA,M,NA,NA,NA,NA,NA,NA,NA,NA,NA,NA,1811.9338,30.198896666666666,0.008990787512411684
88311,FrScA-S216-04,2367,1958,0.8272074355724546,FrScA,S216,04,5,5,F,4,4,3,4,4,4,4,4,4,4,1660.9829,27.683048333333332,-0.10241781493121026
88340,OcnA-T116-01,2490,1828,0.734136546184739,OcnA,T116,01,30,NA,M,5,5,5,5,5,5,4,5,5,5,444.5,7.408333333333333,-1.000237303159265
88381,PhysA-S116-01,5295,4533,0.8560906515580736,PhysA,S116,01,37,36.75,F,4,5,3,5,5,5,4,4,4,5,1120.367,18.67278333333333,-0.5014168396326255
88409,FrScA-S116-03,1499,1315,0.8772515010006671,FrScA,S116,03,10,10,F,5,4,4,5,4,3,4,4,3,4,2313.5495,38.559158333333336,0.37920589786140013
88440,AnPhA-S216-01,2980,2056,0.6899328859060403,AnPhA,S216,01,15,15,F,NA,NA,NA,NA,NA,NA,NA,NA,NA,NA,2544.4002,42.40667,0.5495841722548077
88440,OcnA-S116-01,2951,2484,0.8417485598102338,OcnA,S116,01,30,30,F,4,4,3,5,4,4,5,4,4,4,2600.1334,43.33555666666667,0.5907177986307411
88474,OcnA-S216-01,8738,7380,0.8445868619821469,OcnA,S216,01,5,5,F,4,4,3,4,4,4,3,4,3,3,4112.7673,68.54612166666668,1.7071101408284053
88481,PhysA-S116-01,3041,2697,0.8868793160144689,PhysA,S116,01,10,10,F,4,4,4,4,4,4,4,4,4,4,642.0504,10.70084,-0.8544361587064763
88493,FrScA-S116-01,3776,1955,0.5177436440677966,FrScA,S116,01,5,NA,M,4,3,3,4,4,3,4,4,3,3,56.3166,0.93861000000000006,-1.2867342374989308
88501,FrScA-S116-01,8864,7436,0.8388989169675091,FrScA,S116,01,5,4,F,NA,NA,NA,NA,NA,NA,NA,NA,NA,NA,3315.3331,55.25555166666666,1.118567576572427
88504,OcnA-S216-01,2737,2345,0.8567774936061381,OcnA,S216,01,5,2.15,F,5,4,4,4,4,4,4,4,3,4,68.6333,1.1438883333333334,-1.277643954938725
88527,FrScA-S116-01,6154,3824,0.6213844653883653,FrScA,S116,01,10,10,F,5,5,3,5,5,4,5,5,5,5,1551.6665,25.861108333333334,-0.18309827028568607
88568,BioA-S116-01,7646,6222,0.8137588281454355,BioA,S116,01,30,30,F,4,4,4,5,4,5,4,5,3,4,1329.3997,22.156661666666665,-0.3471412376188788
88568,BioA-S216-01,5612,4660,0.8303635067712045,BioA,S216,01,10,8,F,NA,NA,NA,NA,NA,NA,NA,NA,NA,NA,NA,NA,NA
88596,FrScA-S216-01,3417,3030,0.8867427568042142,FrScA,S216,01,5,5,F,NA,NA,NA,NA,NA,NA,NA,NA,NA,NA,1395.8998,23.264996666666665,-0.29806115129040306
88612,AnPhA-S216-01,5608,4514,0.8049215406562055,AnPhA,S216,01,5,4,M,NA,NA,NA,NA,NA,NA,NA,NA,NA,NA,2258.9165,37.64860833333333,0.33888426892575
88636,FrScA-S116-03,2721,2468,0.9070194781330393,FrScA,S116,03,5,5,F,5,5,5,5,5,NA,NA,NA,NA,NA,1284.8333,21.413888333333333,-0.38003325972635493
88641,AnPhA-S116-01,4156,3383,0.8140038498556305,AnPhA,S116,01,5,2,F,4,4,4,5,4,5,4,4,3,4,1998.4998,33.30833,0.14668494715966632
88642,OcnA-S216-02,6862,4668,0.6802681433984261,OcnA,S216,02,10,10,F,4,3,4,4,5,4,4,5,4,4,1980.6001,33.01000166666667,0.13347415768335255
88703,OcnA-T116-01,4804,3896,0.8109908409658618,OcnA,T116,01,5,NA,F,5,5,5,5,5,5,5,5,5,5,1233.3832,20.556386666666665,-0.41800576427309555
88803,OcnA-S216-02,5414,4390,0.8108607314370151,OcnA,S216,02,5,5,F,NA,NA,NA,NA,NA,NA,NA,NA,NA,NA,2015.5833,33.593055,0.1592933440612125
88835,FrScA-S116-03,2506,1576,0.6288906624102155,FrScA,S116,03,5,5,F,4,3,4,4,4,4,4,4,4,4,2062.95,34.3825,0.19425211442539242
88836,FrScA-S116-03,2682,1495,0.5574198359433259,FrScA,S116,03,30,24,F,5,5,5,5,5,5,5,5,5,5,152.7499,2.5458316666666665,-1.2155620935632105
88845,FrScA-S216-01,4708,3110,0.6605777400169923,FrScA,S216,01,5,NA,F,4,5,3,4,4,4,4,4,3,3,1075.6163,17.926938333333332,-0.5344448834890967
88849,OcnA-S216-01,2116,1878,0.8875236294896031,OcnA,S216,01,10,10,F,4,4,3,3,3,4,3,4,3,4,4799.483,79.99138333333333,2.213937436413218
88854,FrScA-S216-01,7072,5646,0.7983597285067874,FrScA,S216,01,12,12,M,4,4,3,4,3,4,4,4,5,4,885.9167,14.765278333333333,-0.6744517818919157
88854,OcnA-S116-01,4419,3608,0.8164743154559855,OcnA,S116,01,50,50,F,NA,NA,NA,NA,NA,NA,NA,NA,NA,NA,762.5997,12.709995,-0.7654653142891397
88864,OcnA-S216-02,8316,6432,0.7734487734487735,OcnA,S216,02,5,3.5,F,NA,NA,NA,NA,NA,NA,NA,NA,NA,NA,2231.3667,37.189445,0.3185512684891758
88868,FrScA-S116-03,1896,1570,0.8280590717299579,FrScA,S116,03,5,5,F,5,5,4,5,4,5,3,5,4,5,1174.3499,19.572498333333332,-0.4615750139472285
88874,FrScA-S116-03,4644,3018,0.6498708010335917,FrScA,S116,03,60,NA,F,5,4,3,4,4,4,4,4,3,5,700.9668,11.682780000000001,-0.8109531865280433
88886,FrScA-S116-03,3152,2064,0.6548223350253807,FrScA,S116,03,260,232,F,5,5,5,1,5,5,1,5,5,5,1598.3499,26.639165,-0.1486438062757559
88979,AnPhA-S216-02,3152,2324,0.7373096446700508,AnPhA,S216,02,5,5,M,NA,NA,NA,NA,NA,NA,NA,NA,NA,NA,364.5001,6.075001666666666,-1.059280853443692
88995,AnPhA-T116-01,4605,3820,0.8295331161780674,AnPhA,T116,01,443,341,F,3,NA,3,3,4,3,3,3,3,4,119.3169,1.988615,-1.2402371621152868
89005,AnPhA-T116-01,2274,1902,0.8364116094986808,AnPhA,T116,01,20,NA,M,NA,NA,NA,NA,NA,NA,NA,NA,NA,NA,2429.3997,40.489995,0.46470859360428124
89114,OcnA-S116-01,5672,4005,0.7061001410437235,OcnA,S116,01,10,10,M,5,3,4,5,5,5,3,5,3,5,1092.3662,18.20610333333333,-0.5220826985000014
89128,FrScA-S116-01,4022,3470,0.8627548483341622,FrScA,S116,01,140,140,F,4,4,4,4,4,4,4,4,3,4,362.8837,6.0480616666666664,-1.0604738298684093
89142,AnPhA-S116-01,3791,3027,0.7984700606700079,AnPhA,S116,01,5,5,F,4,3,3,4,5,5,5,5,4,3,3067.4676,51.12446,0.9356316089896596
89144,FrScA-S116-03,4753,3734,0.7856090889964233,FrScA,S116,03,10,10,F,4,5,3,5,4,5,4,5,3,5,2582.4167,43.04027833333334,0.5776420714445308
89165,FrScA-S116-03,7764,3626,0.46702730551262234,FrScA,S116,03,10,7,M,5,3,4,5,5,3,4,5,2,5,2571.5334,42.858889999999995,0.5696097030189387
89168,FrScA-S116-03,5141,4110,0.7994553588795954,FrScA,S116,03,605,472.12,F,5,3,3,5,4,4,3,5,3,5,60.65,1.0108333333333333,-1.2835359919910923
89194,AnPhA-S116-01,3495,3194,0.9138769670958512,AnPhA,S116,01,15,13,M,5,5,5,5,4,4,4,5,5,5,317.2168,5.286946666666666,-1.0941780708297593
89295,PhysA-S116-01,2446,1822,0.7448896156991006,PhysA,S116,01,5,5,F,4,2,1,3,4,4,4,4,4,4,532.7998,8.879996666666667,-0.9350680506801389
89300,BioA-S116-01,1424,1063,0.7464887640449438,BioA,S116,01,10,NA,F,NA,NA,NA,NA,NA,NA,NA,NA,NA,NA,1132.1503,18.869171666666666,-0.49272023043603286
89333,FrScA-S216-01,8264,6928,0.8383349467570184,FrScA,S216,01,460,296.45,M,5,3,4,5,5,4,5,5,4,5,945.417,15.75695,-0.6305378650621635
89345,FrScA-S216-01,3355,2499,0.7448584202682563,FrScA,S216,01,15,14,F,NA,NA,NA,NA,NA,NA,NA,NA,NA,NA,48.4333,0.8072216666666667,-1.2925524700211868
89374,FrScA-S216-01,4044,2666,0.6592482690405539,FrScA,S216,01,10,7.5,F,4,3,2,4,3,4,3,4,3,2,2517.95,41.96583333333333,0.5300627264313359
89376,FrScA-S116-03,2795,2381,0.8518783542039357,FrScA,S116,03,5,3,F,4,4,3,4,4,4,4,4,4,2,3780.5335,63.00889166666666,1.461906545867833
89388,FrScA-S116-03,1886,1509,0.8001060445387063,FrScA,S116,03,10,8.5,F,4,3,2,4,3,4,4,4,4,4,2999.8498,49.99749666666666,0.8857266094281311
89395,PhysA-S116-01,6402,4134,0.6457357075913777,PhysA,S116,01,30,28,F,5,4,4,5,4,4,4,4,NA,4,2432.7831,40.546385,0.4672056960760636
89425,PhysA-S116-01,4842,3849,0.7949194547707559,PhysA,S116,01,5,NA,M,5,5,5,5,5,5,4,5,4,5,2173.1333,36.21888833333333,0.2755723812514024
89435,OcnA-S116-01,3309,2289,0.6917497733454215,OcnA,S116,01,5,5,M,4,4,4,5,4,3,4,4,4,4,6348.4492,105.80748666666666,3.357144661904472
89465,FrScA-S216-01,2994,2361,0.7885771543086172,FrScA,S216,01,10,10,M,4,2,3,4,4,2,3,4,2,2,24.65,0.41083333333333333,-1.310105622831123
89487,OcnA-S116-01,2748,1754,0.6382823871906841,OcnA,S116,01,5,5,F,5,4,3,4,4,4,3,4,4,5,2151.1498,35.85249666666667,0.25934756237440765
89490,PhysA-S116-01,3878,3382,0.8720990201134605,PhysA,S116,01,220,205.38,F,5,4,3,5,5,4,3,5,4,5,2046.9998,34.116663333333335,0.18248014426359654
89918,AnPhA-S116-01,4392,3562,0.8110200364298725,AnPhA,S116,01,10,10,F,4,2,2,4,4,3,3,4,3,4,6009.3666,100.15611,3.1068863422856445
89994,FrScA-S216-02,2496,2179,0.8729967948717948,FrScA,S216,02,5,3,F,NA,NA,NA,NA,NA,NA,NA,NA,NA,NA,2310.3333,38.505554999999994,0.37683219656396366
90029,FrScA-S216-01,3269,2464,0.7537473233404711,FrScA,S216,01,5,NA,F,NA,NA,NA,NA,NA,NA,NA,NA,NA,NA,766.5663,12.776105,-0.7625377837977491
90090,OcnA-S116-02,3522,2655,0.7538330494037478,OcnA,S116,02,5,NA,F,4,3,3,4,4,3,4,4,3,3,1430.217,23.83695,-0.2727335030830835
90095,FrScA-S116-01,1867,1574,0.8430637386181039,FrScA,S116,01,5,5,F,5,2,4,1,4,2,5,4,2,4,1476.0832,24.601386666666667,-0.23888216969322196
90097,FrScA-S116-03,2725,2089,0.7666055045871559,FrScA,S116,03,10,6.5,M,4,3,3,4,4,4,3,4,3,5,1145.5167,19.091945,-0.48285522172325
90098,FrScA-S116-03,1822,1676,0.9198682766190999,FrScA,S116,03,10,9,M,5,4,4,5,4,4,5,5,5,5,1692.6164,28.210273333333337,-0.07907085889848486
90253,BioA-S116-01,8914,4986,0.5593448507964999,BioA,S116,01,5,3,M,4,3,2,4,3,5,3,4,4,4,1803.8334,30.06389,0.0030123253552843078
90274,FrScA-S116-03,3858,2348,0.6086054950751685,FrScA,S116,03,10,8,F,5,4,3,5,5,5,4,5,4,4,1517.5835,25.29305833333333,-0.2082530682834852
90277,FrScA-S216-01,9354,8110,0.8670087663031858,FrScA,S216,01,625,545.64,F,4,2,1,4,4,4,4,4,4,4,1097.8003,18.29667166666667,-0.5180720865292288
90305,AnPhA-S116-01,2081,1591,0.76453628063431045,AnPhA,S116,01,20,NA,F,4,4,3,4,4,4,4,4,3,3,2363.6832,39.39472,0.4162068395737569
90326,PhysA-S116-01,3339,1726,0.516921233902366,PhysA,S116,01,10,2,M,5,4,4,5,5,3,5,5,4,5,509.5167,8.491945,-0.9522520332304589
90333,PhysA-S116-01,1771,1454,0.821005081874647,PhysA,S116,01,30,30,F,4,2,2,5,5,3,5,5,3,5,231.7502,3.8625033333333336,-1.1572562933617752
90370,FrScA-S116-03,4336,2358,0.5438191881918819,FrScA,S116,03,20,NA,F,5,5,5,5,5,5,5,5,5,5,3890,64.83333333333333,1.542697781822006
90372,FrScA-S116-03,3822,2898,0.7582417582417582,FrScA,S116,03,345,284.66,F,5,4,3,5,5,5,4,5,5,5,1378.984,22.983066666666666,-0.3105457779949528
90394,AnPhA-S116-02,3611,2777,0.7690390473553033,AnPhA,S116,02,438,370.75,F,NA,NA,NA,NA,NA,NA,NA,NA,NA,NA,1886.5329,31.442214999999997,0.06404830273459311
90394,FrScA-S216-01,3852,3129,0.8123052959501558,FrScA,S216,01,10,9,F,5,5,5,5,5,5,5,5,5,5,871.2833,14.521388333333334,-0.6852518940012075
90395,AnPhA-S116-02,2167,1742,0.8038763267189664,AnPhA,S116,02,30,27,M,4,4,4,4,4,4,3,4,4,5,2300.6664,38.34444,0.3696975864426446
90396,AnPhA-S116-02,2942,2308,0.7845003399048266,AnPhA,S116,02,5,5,M,5,5,3,4,4,5,4,5,4,5,3544.8161,59.080268333333336,1.2879364264075037
90397,AnPhA-S116-02,10731,8679,0.8087783058428851,AnPhA,S116,02,5,5,F,NA,NA,NA,NA,NA,NA,NA,NA,NA,NA,2394.3497,39.90582833333334,0.43884010580030713
90398,AnPhA-S116-02,7536,5722,0.7592887473460722,AnPhA,S116,02,10,8.75,F,4,3,2,4,4,4,3,4,3,3,4264.25,71.07083333333334,1.8189112357631583
90399,AnPhA-S116-02,3273,2466,0.7534372135655362,AnPhA,S116,02,10,8,M,4,4,2,3,3,4,2,3,4,4,768.4833,12.808055,-0.7611229509555173
90430,BioA-S116-01,9048,7386,0.8163129973474801,BioA,S116,01,10,10,F,4,4,3,4,4,4,4,4,4,4,2252.5,37.541666666666664,0.33414860125116524
90433,FrScA-S116-01,4483,3859,0.8608074949810395,FrScA,S116,01,10,9.38,F,4,3,3,4,3,3,2,4,2,3,2689.2001,44.82000166666667,0.65645305805129
90466,BioA-S116-01,3087,2670,0.8649173955296404,BioA,S116,01,10,10,F,5,5,5,5,5,5,5,5,5,5,658.4165,10.973608333333335,-0.8423572355039476
90516,AnPhA-T116-01,8878,6590,0.7422842982653751,AnPhA,T116,01,353,102.5,F,4,2,2,4,4,3,3,4,2,4,250.4331,4.173885,-1.1434674668056304
90562,OcnA-S116-01,2365,1796,0.7594080338266385,OcnA,S116,01,10,10,F,4,4,4,4,4,4,4,4,2,5,1389.3161,23.155268333333332,-0.30292022013933384
90589,FrScA-S116-03,3430,2544,0.7416909620991253,FrScA,S116,03,30,11.25,M,4,2,3,4,4,4,3,4,2,4,123.1833,2.053055,-1.2373835837630676
90622,FrScA-S216-01,3916,3276,0.8365679264555669,FrScA,S216,01,5,3,M,NA,NA,NA,NA,NA,NA,NA,NA,NA,NA,1077.1836,17.95306,-0.5332881450886638
90636,FrScA-S216-01,3168,1790,0.5650252525252525,FrScA,S216,01,10,NA,M,NA,NA,NA,NA,NA,NA,NA,NA,NA,NA,849.6835,14.161391666666667,-0.7011935248961657
90855,FrScA-S116-03,1950,1214,0.6225641025641026,FrScA,S116,03,5,5,F,4,4,3,5,4,4,3,4,4,4,1103.0832,18.38472,-0.5141730670079844
90861,OcnA-S116-01,4565,3763,0.824315443592552,OcnA,S116,01,5,NA,M,5,2,3,5,5,4,3,5,2,5,2454.3332,40.90555333333334,0.48311064611955645
90878,FrScA-S116-03,5056,3349,0.662381329113924,FrScA,S116,03,5,5,F,NA,NA,NA,NA,NA,NA,NA,NA,NA,NA,1178.0834,19.634723333333334,-0.45881952181552693
90928,OcnA-S116-01,4549,3365,0.7397230160474829,OcnA,S116,01,10,10,M,5,4,3,5,4,4,4,4,3,4,3900.2504,65.00417333333333,1.550263041376524
90956,AnPhA-S116-02,5318,3973,0.747085370440015,AnPhA,S116,02,10,7,M,4,4,3,4,4,4,4,4,4,3,1550.4668,25.841113333333332,-0.1839837032334302
90971,AnPhA-S116-02,3906,2802,0.717357910906298,AnPhA,S116,02,5,4,F,4,5,4,5,5,5,4,4,4,5,3785.2838,63.08806333333334,1.4654124824617052
90989,FrScA-S216-01,477,377,0.790356394129979,FrScA,S216,01,10,6,F,4,2,3,4,4,3,4,3,3,4,1821.6838,30.361396666666668,0.01618672919825333
90995,AnPhA-S116-02,3231,2337,0.72330547818013,AnPhA,S116,02,5,3,M,5,4,5,5,5,5,5,5,5,5,202.2832,3.3713866666666665,-1.1790042742496412
90995,BioA-S116-01,1740,1420,0.8160919540229885,BioA,S116,01,12,12,F,4,4,5,4,4,4,3,4,4,5,13.9333,0.23222166666666666,-1.3180150329095497
90996,FrScA-S116-04,3365,2464,0.7322436849925705,FrScA,S116,04,10,NA,M,NA,NA,NA,NA,NA,NA,NA,NA,NA,NA,58.1833,0.9697216666666667,-1.2853565283353452
90996,OcnA-S216-01,5906,4903,0.8301727057229936,OcnA,S216,01,10,10,F,3,4,3,4,NA,5,5,3,3,2,44.7332,0.7455533333333333,-1.2952833114398312
91030,PhysA-S116-01,2752,1831,0.6653343023255814,PhysA,S116,01,5,5,F,4,4,4,4,4,5,5,4,3,4,1302.8501,21.714168333333337,-0.3667360451452808
91038,PhysA-S116-01,2077,1352,0.6509388541165142,PhysA,S116,01,10,10,M,4,4,4,5,4,4,5,4,4,3,1639.4498,27.324163333333335,-0.11831021820458419
91065,AnPhA-S116-02,4207,2951,0.7014499643451391,AnPhA,S116,02,10,10,M,4,4,2,3,3,4,4,3,2,1,1334.7001,22.245001666666667,-0.3432293023048648
91066,BioA-S116-01,5010,3724,0.743313373253493,BioA,S116,01,5,5,F,NA,NA,NA,NA,NA,NA,NA,NA,NA,NA,222.9831,3.7163850000000003,-1.1637268103211538
91067,BioA-S116-01,3023,2013,0.6658948064836255,BioA,S116,01,20,16,F,4,3,3,4,4,4,3,4,3,3,2920.9838,48.68306333333333,0.827519928710635
91163,OcnA-S216-02,6683,5168,0.7733054017656741,OcnA,S216,02,10,8.65,F,4,3,3,4,4,5,5,4,3,4,6243.9003,104.065005,3.2799828375230478
91164,AnPhA-S216-02,2309,1527,0.6613252490255522,AnPhA,S216,02,55,51,F,4,4,3,4,4,5,3,4,3,4,4359.0996,72.65165999999999,1.8889145373555072
91173,FrScA-S116-01,2412,1915,0.7939469320066335,FrScA,S116,01,10,6.33333,M,NA,NA,NA,NA,NA,NA,NA,NA,NA,NA,756.0998,12.601663333333333,-0.7702625349418374
91175,AnPhA-S116-02,4091,3351,0.8191151307748716,AnPhA,S116,02,10,10,F,5,3,3,5,5,4,3,5,3,5,1315.25,21.920833333333334,-0.35758435721602266
91176,FrScA-S116-04,861,558,0.6480836236933798,FrScA,S116,04,30,30,F,NA,NA,NA,NA,NA,NA,NA,NA,NA,NA,3868.5332,64.47555333333334,1.5268543109520956
91212,FrScA-S216-01,4045,2779,0.6870210135970334,FrScA,S216,01,5,5,M,5,4,4,5,4,5,4,5,4,5,906.8832,15.11472,-0.6589775550861517
91252,OcnA-S216-02,3704,2958,0.7985961123110151,OcnA,S216,02,10,10,F,4,3,3,5,5,3,4,5,4,4,1479.8998,24.664996666666664,-0.23606534599699813
91300,BioA-S116-01,4450,2956,0.6642696629213484,BioA,S116,01,20,16,M,4,3,2,2,2,4,3,4,2,5,1311.9998,21.866663333333335,-0.35998315205369674
91313,AnPhA-S216-01,4100,2762,0.6736585365853659,AnPhA,S216,01,125,100,M,5,3,3,4,4,4,4,4,3,4,3134.9666,52.24944333333334,0.9854489287694161
91319,AnPhA-S116-02,2195,1819,0.8287015945330296,AnPhA,S116,02,10,0,F,4,3,3,4,4,3,3,5,3,4,686.2998,11.43833,-0.8217780969594524
91320,AnPhA-S116-02,3916,2873,0.7336567926455567,AnPhA,S116,02,457,385.01,M,3,2,3,3,3,1,4,3,2,2,584.9166,9.748610000000001,-0.8966034913311468
91326,AnPhA-S216-01,3619,2910,0.8040895274937828,AnPhA,S216,01,24,14,F,3,3,2,2,2,4,3,3,4,2,657.1668,10.952779999999999,-0.8432795707167473
91326,FrScA-S116-04,2496,1610,0.6450320512820513,FrScA,S116,04,5,5,F,NA,NA,NA,NA,NA,NA,NA,NA,NA,NA,792.6166,13.210276666666665,-0.7433114822901921
91340,FrScA-S116-02,3673,2971,0.8088755785461476,FrScA,S116,02,5,5,F,5,4,5,5,5,2,4,4,4,3,1182.9332,19.715553333333332,-0.4552401497141942
91351,BioA-S116-01,9982,7450,0.7463434181526748,BioA,S116,01,438,424,F,5,3,4,4,4,3,4,4,3,4,206.2335,3.4372249999999998,-1.1760887738966586
91410,FrScA-S216-02,3876,3176,0.8194014447884417,FrScA,S216,02,10,8.75,F,5,3,3,5,5,4,3,4,3,5,857.6167,14.293611666666667,-0.6953384639133843
91471,FrScA-S116-01,2310,1862,0.806060606060606,FrScA,S116,01,10,10,F,4,4,3,4,4,5,5,4,4,5,946.7998,15.779996666666667,-0.6295172960197859
91477,FrScA-S116-04,1898,1507,0.7939936775553214,FrScA,S116,04,60,NA,F,5,5,4,5,4,4,5,5,4,5,1192.1837,19.869728333333335,-0.4484128616562579
91550,FrScA-S216-02,3301,2109,0.638897303847319,FrScA,S216,02,10,10,M,4,3,3,4,4,4,4,4,3,4,1722.1833,28.703055,-0.05724914728503768
91574,AnPhA-S116-02,9855,7998,0.8115677321156773,AnPhA,S116,02,5,4,F,4,4,3,5,4,4,4,4,3,4,2999.75,49.99583333333333,0.8856529525070801
91575,PhysA-S116-01,3254,2767,0.8503380454824832,PhysA,S116,01,30,24,F,5,3,4,5,5,5,4,5,3,5,2219.916,36.9986,0.31010013315973317
91607,FrScA-S216-02,6224,3280,0.5269922879177378,FrScA,S216,02,5,4,F,5,3,4,5,5,3,5,5,4,5,608.0833,10.134721666666668,-0.8795054172538763
91611,BioA-S116-01,2654,2305,0.8685003767897513,BioA,S116,01,10,10,M,NA,NA,NA,NA,NA,NA,NA,NA,NA,NA,616.3672,10.272786666666667,-0.873391523783995
91619,AnPhA-S116-02,11010,8878,0.8063578564940963,AnPhA,S116,02,10,NA,F,4,2,2,4,4,4,4,4,4,4,1272.2331,21.203885,-0.38933277812942596
91624,BioA-S116-01,3398,2893,0.8513831665685697,BioA,S116,01,5,NA,F,5,4,3,5,4,4,3,4,4,5,583.1167,9.718611666666668,-0.8979318990686183
91633,PhysA-S116-01,3514,2124,0.6044393853158794,PhysA,S116,01,10,4,F,4,4,4,4,4,4,4,4,4,4,1510.7002,25.178336666666667,-0.21333325550462914
91634,AnPhA-S116-02,4537,3245,0.7152303284108442,AnPhA,S116,02,5,5,F,5,4,3,5,5,5,5,5,4,5,1857.8168,30.963613333333335,0.042854520063331944
91635,OcnA-S116-01,2928,2469,0.8432377049180327,OcnA,S116,01,10,8.75,F,4,4,3,4,4,4,3,4,4,4,3797.3334,63.28889,1.474305633121984
91672,AnPhA-S116-02,3747,2873,0.7667467307179077,AnPhA,S116,02,10,6,F,5,4,4,5,5,5,5,5,5,5,2763.0331,46.05055166666667,0.7109451567682896
91709,AnPhA-S116-02,3691,3289,0.8910864264426984,AnPhA,S116,02,10,9,F,5,4,3,5,5,4,4,5,4,5,4315.8839,71.93139833333333,1.857019393036243
91771,AnPhA-S116-02,3340,2903,0.8691616766467066,AnPhA,S116,02,438,364.5,F,4,4,4,4,5,4,4,5,4,5,540.5001,9.008334999999999,-0.9293848804479864
91818,OcnA-S116-01,7386,4401,0.5958570268074735,OcnA,S116,01,10,10,M,4,2,4,4,4,4,4,4,4,4,1651.5005,27.525008333333336,-0.10941625569447425
91821,PhysA-S116-01,1766,1469,0.8318233295583239,PhysA,S116,01,20,16,F,3,4,2,3,4,5,4,4,4,3,377.7002,6.295003333333333,-1.049538581664484
91932,AnPhA-S116-02,4832,3862,0.7992549668874173,AnPhA,S116,02,5,3,F,5,4,5,5,5,5,5,5,3,5,1182.9667,19.716111666666666,-0.4552154251966069
91943,FrScA-S216-02,3602,2825,0.7842865074958356,FrScA,S216,02,10,10,F,4,4,4,4,4,4,3,4,4,4,3429.0336,57.150560000000006,1.202483696331508
92021,OcnA-S116-02,2799,2317,0.8277956413004645,OcnA,S116,02,5,5,F,5,5,4,4,4,4,4,4,4,4,758.3668,12.639446666666666,-0.7685893862442166
92124,FrScA-S216-01,2760,1830,0.6630434782608695,FrScA,S216,01,20,16,M,4,3,2,5,4,4,4,4,3,3,918.1832,15.303053333333335,-0.6506376431835864
92143,FrScA-S116-01,1982,1601,0.8077699293642785,FrScA,S116,01,10,NA,F,5,3,3,5,4,3,5,5,4,5,1792.1003,29.868338333333334,-0.005647233967192415
92152,BioA-S116-01,7330,5442,0.7424283765347885,BioA,S116,01,10,10,F,5,3,3,5,5,4,3,4,3,5,3214.3998,53.573330000000006,1.044074228781703
92185,AnPhA-S116-02,4410,3679,0.8342403628117914,AnPhA,S116,02,12,12,F,4,3,3,5,4,4,3,4,3,5,6162.1998,102.70333000000001,3.2196841673995498
92214,FrScA-S116-01,5090,4122,0.8098231827111985,FrScA,S116,01,10,10,F,5,5,4,5,4,4,4,4,4,4,1101.833,18.363883333333334,-0.5150957712434345
92510,BioA-S116-01,2607,2090,0.8016877637130801,BioA,S116,01,5,5,M,4,3,2,3,3,2,3,4,2,2,295.5494,4.925823333333333,-1.1101695935870726
92511,PhysA-S116-01,3440,2042,0.5936046511627907,PhysA,S116,01,10,6,M,5,5,2,5,4,5,4,4,4,4,125.0666,2.084443333333333,-1.2359936230474835
92604,FrScA-S116-03,5074,3756,0.7402443831296808,FrScA,S116,03,30,NA,F,4,3,3,5,5,4,3,5,4,5,811.4334,13.52389,-0.7294238314682284
92606,BioA-S116-01,2381,1810,0.7601847963040739,BioA,S116,01,10,8.88,F,5,5,4,5,5,5,4,5,5,5,10.1498,0.16916333333333336,-1.3208074273063066
92606,BioA-S216-01,3689,2730,0.7400379506641366,BioA,S216,01,10,9.7,F,4,3,3,4,3,4,3,4,3,4,306.2668,5.104446666666666,-1.1022596668769353
92633,BioA-S116-01,3637,2489,0.6843552378333791,BioA,S116,01,10,NA,M,5,3,3,4,4,3,4,4,3,3,571.2834,9.52139,-0.9066654105302665
92724,PhysA-S116-01,1748,1343,0.7683066361556065,PhysA,S116,01,10,8,F,4,3,2,4,NA,3,NA,4,3,3,2700.6668,45.011113333333334,0.6649160021055505
92725,PhysA-S116-01,1947,1721,0.8839239856189008,PhysA,S116,01,10,10,M,4,4,3,4,4,4,4,4,4,2,2058.4167,34.306945000000006,0.19090633366186185
92726,PhysA-S116-01,1722,1417,0.8228803716608595,PhysA,S116,01,5,NA,F,5,5,3,4,4,4,3,4,3,4,1901.9166,31.69861,0.07540217023330928
92727,PhysA-S116-01,1385,1001,0.7227436823104693,PhysA,S116,01,30,27,M,4,5,3,5,4,5,4,4,3,4,898,14.966666666666667,-0.6655337591049895
92729,PhysA-S116-01,6312,5300,0.8396704689480355,PhysA,S116,01,5,4,M,3,2,2,4,4,3,4,3,1,2,1691.5998,28.19333,-0.07982115575159539
92732,PhysA-S116-01,2618,1779,0.6795263559969442,PhysA,S116,01,10,10,M,5,3,4,5,4,3,3,5,5,NA,2199.3,36.655,0.29488459123200894
92733,PhysA-S116-01,3702,2872,0.775796866558617,PhysA,S116,01,20,20,M,5,3,4,5,4,4,3,4,3,5,1020.5828,17.009713333333334,-0.5750620995678418
92740,PhysA-S116-01,2533,2075,0.8191867350967232,PhysA,S116,01,80,67.64,F,4,2,4,4,4,3,4,4,3,4,1272.7001,21.211668333333332,-0.3889881109738066
92741,PhysA-S116-01,2480,1812,0.7306451612903225,PhysA,S116,01,5,3.5,M,5,4,5,5,5,4,5,5,5,5,5373.3502,89.55583666666666,2.6374774268354972
92743,PhysA-S116-01,1568,1269,0.8093112244897959,PhysA,S116,01,50,44,F,2,2,3,1,3,1,2,1,1,3,1711.0164,28.516939999999998,-0.06549082535802482
94070,FrScA-S216-01,3216,2369,0.7366293532338308,FrScA,S216,01,20,NA,F,3,2,4,3,4,4,2,3,5,4,2469.4006,41.15667666666666,0.4942310698895308
94135,FrScA-S216-01,5442,4688,0.8614479970599045,FrScA,S216,01,12,12,F,5,5,4,5,5,5,4,4,4,5,706.2332,11.770553333333334,-0.8070663447542673
94156,FrScA-S216-01,6820,4762,0.6982404692082111,FrScA,S216,01,5,5,F,4,4,2,4,4,3,3,4,4,4,2598.5669,43.30944833333333,0.589561650666549
94172,FrScA-S216-01,1490,999,0.6704697986577182,FrScA,S216,01,10,9,F,NA,NA,NA,NA,NA,NA,NA,NA,NA,NA,1835.5833,30.593055,0.026445189861059062
94189,PhysA-S216-01,2014,1609,0.7989076464746773,PhysA,S216,01,930,769.13,F,4,4,5,3,4,4,2,3,4,4,2321.7998,38.696663333333326,0.385294993009164
94219,AnPhA-S216-02,3829,3066,0.8007312614259597,AnPhA,S216,02,345,270.27,F,NA,NA,NA,NA,NA,NA,NA,NA,NA,NA,151.75,2.529166666666667,-1.2163000650597924
94240,OcnA-S216-02,7292,4122,0.5652770159078442,OcnA,S216,02,10,10,F,4,3,2,4,3,3,2,4,1,2,2276.3169,37.938615,0.35172655238321865
94246,AnPhA-S216-01,3055,2406,0.7875613747954173,AnPhA,S216,01,5,4,M,4,2,4,4,4,3,4,4,1,4,1351.9003,22.531671666666668,-0.33053477551667887
94251,PhysA-S216-01,7712,7014,0.9094917012448133,PhysA,S216,01,5,5,F,4,5,3,4,4,4,4,4,4,5,4552.0833,75.868055,2.0313452503317087
94257,FrScA-S216-01,6500,4904,0.7544615384615385,FrScA,S216,01,30,23.25,F,4,4,3,5,4,4,4,4,3,4,1175.833,19.597216666666668,-0.4604804189611492
94288,FrScA-S216-01,4399,2736,0.6219595362582405,FrScA,S216,01,5,5,F,NA,NA,NA,NA,NA,NA,NA,NA,NA,NA,3058.6498,50.97749666666667,0.9291236731335146
94292,FrScA-S216-01,2182,1107,0.5073327222731439,FrScA,S216,01,10,10,F,5,5,5,5,5,5,4,5,4,5,3135.3167,52.25527833333333,0.9857073184293352
94319,OcnA-S216-01,5666,4712,0.831627250264737,OcnA,S216,01,15,13,F,5,5,5,5,5,5,5,5,4,5,1588.55,26.475833333333334,-0.15587657642212302
94323,OcnA-S216-01,5396,4128,0.765011119347665,OcnA,S216,01,244,20,F,3,2,4,3,4,4,4,3,4,3,4214.7332,70.24555333333333,1.782365594197057
94327,OcnA-S216-02,4696,4058,0.8641396933560477,OcnA,S216,02,24,14,M,5,5,3,5,5,5,5,5,4,5,580.3167,9.671945,-0.8999984259117317
94331,FrScA-S216-01,5160,4584,0.8883720930232558,FrScA,S216,01,10,7.5,M,5,4,3,5,5,5,5,5,5,5,524.7165,8.745275,-0.9410338922626171
94332,FrScA-S216-01,6860,5928,0.8641399416909621,FrScA,S216,01,5,NA,M,5,5,4,5,4,5,5,5,5,3,1272.7337,21.212228333333332,-0.38896331265168926
94356,FrScA-S216-01,3974,2324,0.5848012078510317,FrScA,S216,01,235,35,F,4,3,4,4,4,3,3,4,3,5,160.4166,2.6736099999999996,-1.2099037216531754
94369,FrScA-S216-03,7044,5882,0.8350369108461102,FrScA,S216,03,10,10,F,4,4,5,4,4,4,4,4,3,4,1753.5833,29.226388333333333,-0.03407452483012196
94370,FrScA-S216-01,12579,8220,0.6534700691628905,FrScA,S216,01,720,494.9,F,4,4,4,5,4,4,4,4,3,4,940.3001,15.671668333333335,-0.6343143690634233
94376,FrScA-S216-01,3990,2167,0.5431077694235589,FrScA,S216,01,10,9,M,3,3,2,3,3,3,3,3,3,4,1434.3999,23.906664999999997,-0.2696463333930624
94400,FrScA-S216-01,2569,2011,0.7827948618139354,FrScA,S216,01,5,5,M,4,4,3,5,4,4,4,4,4,4,2111.7837,35.196395,0.23029359724630383
94402,FrScA-S216-01,3560,2016,0.5662921348314607,FrScA,S216,01,20,20,M,4,3,3,4,5,3,5,5,3,5,177.7168,2.961946666666667,-1.1971353903348783
94404,FrScA-S216-01,10197,7554,0.7408061194468961,FrScA,S216,01,30,30,F,5,5,3,5,5,5,4,5,3,5,1665.1169,27.751948333333335,-0.0993667356564134
94419,FrScA-S216-01,3366,2803,0.832739156268568,FrScA,S216,01,10,8,F,4,3,4,4,4,4,4,4,3,4,1095.1999,18.253331666666668,-0.5199912995302404
94542,AnPhA-S216-02,6438,5266,0.8179558869214042,AnPhA,S216,02,15,NA,F,NA,NA,NA,NA,NA,NA,NA,NA,NA,NA,1558.5331,25.975551666666668,-0.17803040842107062
94545,AnPhA-S216-02,3939,2456,0.6235085046966236,AnPhA,S216,02,15,10,M,5,5,5,5,5,5,5,5,5,5,855.3833,14.256388333333332,-0.6969868142888878
94550,AnPhA-S216-02,2944,2276,0.7730978260869565,AnPhA,S216,02,5,5,F,5,4,4,4,5,5,3,5,4,5,2856.6166,47.610276666666664,0.7800140192049009
94556,OcnA-S216-02,7788,6722,0.8631227529532615,OcnA,S216,02,10,10,F,3,4,3,4,4,4,3,4,4,4,2287.2334,38.120556666666666,0.3597834239128076
94577,OcnA-S216-02,8444,6260,0.7413548081477973,OcnA,S216,02,10,10,F,5,5,5,5,5,5,5,5,5,5,1697.5829,28.293048333333335,-0.0754053569105123
94586,FrScA-S216-01,3514,2152,0.6124075128059192,FrScA,S216,01,30,0,F,4,3,2,4,4,3,4,4,3,2,791.0503,13.184171666666666,-0.7444674826453237
94590,OcnA-S216-01,3398,2866,0.8434373160682754,OcnA,S216,01,10,5,F,5,4,3,5,5,5,4,5,4,5,1428.0167,23.80027833333333,-0.2743574241591203
94630,OcnA-S216-01,3793,2732,0.7202741892960717,OcnA,S216,01,15,NA,F,4,4,3,4,4,4,4,4,4,4,245.2834,4.088056666666667,-1.1472681786927665
94654,OcnA-S216-01,4135,3062,0.7405078597339783,OcnA,S216,01,10,7.88,F,5,5,5,5,5,5,3,5,5,5,3140.7669,52.346115000000005,0.9897298129294558
94661,FrScA-S216-01,4842,3960,0.8178438661710037,FrScA,S216,01,438,399,F,4,4,3,4,4,4,4,4,3,4,1705.1165,28.418608333333335,-0.06984521883005522
94691,AnPhA-S216-01,4971,3985,0.8016495674914504,AnPhA,S216,01,10,NA,F,4,4,4,4,4,4,4,4,4,4,258.35,4.305833333333334,-1.1376244359612568
94717,OcnA-S216-01,4814,3794,0.788117989198172,OcnA,S216,01,10,NA,M,NA,NA,NA,NA,NA,NA,NA,NA,NA,NA,821.9161,13.698601666666667,-0.721687123990262
94744,OcnA-S216-01,8184,5178,0.6326979472140762,OcnA,S216,01,50,50,F,5,3,4,5,5,4,4,5,3,4,8870.8833,147.848055,5.218815296774057
94756,FrScA-S216-01,2368,1274,0.5380067567567568,FrScA,S216,01,10,10,F,NA,NA,NA,NA,NA,NA,2,NA,NA,NA,1122.5334,18.70889,-0.4998179382922965
94805,AnPhA-S216-01,3716,1982,0.5333692142088267,AnPhA,S216,01,5,5,F,5,3,4,5,4,5,5,5,4,4,4438.7165,73.97860833333334,1.947675416289609
94824,FrScA-S216-01,7080,5916,0.8355932203389831,FrScA,S216,01,30,22.42,F,4,3,3,2,4,3,5,4,5,4,2414.5498,40.24249666666666,0.4537486946872986
94846,AnPhA-S216-01,7498,5638,0.751933849026407,AnPhA,S216,01,24,20,F,4,2,3,4,4,4,3,3,2,3,764.1668,12.736113333333332,-0.7643087234977671
94869,FrScA-S216-01,8520,5898,0.6922535211267605,FrScA,S216,01,5,NA,F,4,3,2,2,4,3,5,4,3,4,955.3,15.921666666666665,-0.623243763351274
94872,AnPhA-S216-01,1626,1224,0.7527675276752768,AnPhA,S216,01,10,5,F,4,4,4,4,NA,4,4,5,4,4,3547.0667,59.117778333333334,1.2895974711621863
94876,OcnA-S216-02,3716,3018,0.8121636167922497,OcnA,S216,02,5,5,F,4,3,3,3,4,3,4,4,2,4,57.6666,0.96111,-1.2857378763424296
94898,AnPhA-S216-02,6470,4756,0.7350850077279752,AnPhA,S216,02,5,NA,F,NA,NA,NA,NA,NA,NA,NA,NA,NA,NA,1904.1662,31.736103333333332,0.07706247694269067
94903,AnPhA-S216-02,8348,6464,0.7743172017249641,AnPhA,S216,02,10,10,M,5,4,4,5,5,4,4,5,3,5,2288.5835,38.143058333333336,0.36077985887383895
94956,OcnA-S216-01,3621,2981,0.8232532449599558,OcnA,S216,01,10,NA,F,4,3,2,4,4,4,3,4,4,4,1242.6,20.709999999999997,-0.4112033483418069
94970,PhysA-S216-01,6138,4906,0.7992831541218638,PhysA,S216,01,30,27.75,M,5,4,3,5,5,4,4,5,4,5,2415.2493,40.254155,0.45426495737542655
95005,FrScA-S216-01,1900,1487,0.7826315789473685,FrScA,S216,01,10,10,F,4,4,3,5,4,4,5,4,3,4,2182.8836,36.381393333333335,0.28276854435083443
95014,AnPhA-S216-01,8378,6962,0.8309859154929577,AnPhA,S216,01,5,2.25,M,NA,NA,NA,NA,NA,NA,NA,NA,NA,NA,2999.9832,49.99972,0.8858250646712995
95017,AnPhA-S216-02,4896,4176,0.8529411764705882,AnPhA,S216,02,37,37,F,3,3,4,3,4,3,3,4,3,4,2773.6164,46.22694,0.7187561116035477
95041,AnPhA-S216-02,6516,4910,0.7535297728667895,AnPhA,S216,02,15,10,F,5,5,5,5,5,5,5,5,4,5,322.9502,5.382503333333333,-1.0899465619003639
95045,FrScA-S216-01,2876,1346,0.46801112656467314,FrScA,S216,01,5,5,M,4,4,3,4,4,4,4,4,2,4,2977.4502,49.62417000000001,0.8691946899013437
95091,OcnA-S216-01,14070,11229,0.7980810234541578,OcnA,S216,01,5,1,M,5,5,5,5,5,5,5,5,5,5,3475.8,57.93,1.2369994181014305
95114,AnPhA-S216-01,4432,3713,0.8377707581227437,AnPhA,S216,01,10,10,M,5,1,4,5,5,4,5,5,2,NA,546.85,9.114166666666668,-0.9246983665904555
95160,AnPhA-S216-02,3004,2671,0.8891478029294274,AnPhA,S216,02,10,NA,F,NA,NA,NA,NA,NA,NA,NA,NA,NA,NA,4154.4333,69.240555,1.737861536344536
95165,FrScA-S216-01,2131,1800,0.8446738620366026,FrScA,S216,01,5,4.25,F,5,2,5,5,5,4,5,5,5,5,1113.2168,18.55361333333333,-0.5066940111446363
95264,AnPhA-S216-02,13017,8964,0.6886379350080664,AnPhA,S216,02,237,219.85,M,NA,NA,NA,NA,NA,NA,NA,NA,NA,NA,237.3,3.955,-1.153160289549664
95266,PhysA-S216-01,6996,5580,0.7975986277873071,PhysA,S216,01,10,9,F,5,4,5,5,5,5,4,5,3,5,609.7999,10.163331666666666,-0.8782384886899876
95283,AnPhA-S216-01,6576,4950,0.7527372262773723,AnPhA,S216,01,5,3,M,NA,NA,NA,NA,NA,NA,NA,NA,NA,NA,2689.4502,44.82417,0.6566376431810982
95283,PhysA-S216-01,1516,964,0.6358839050131926,PhysA,S216,01,100,80.5,M,NA,NA,NA,NA,NA,NA,NA,NA,NA,NA,47,0.7833333333333333,-1.2936103103512706
95360,FrScA-S216-01,10005,7509,0.7505247376311844,FrScA,S216,01,10,10,M,4,2,3,3,4,3,3,4,2,3,1613.3166,26.888610000000003,-0.13759770366760335
95368,OcnA-S216-02,6038,4768,0.789665452136469,OcnA,S216,02,12,12,M,4,3,3,3,4,4,3,3,3,1,3368.0167,56.13361166666667,1.1574504599980895
95375,OcnA-S216-02,4877,3855,0.7904449456633176,OcnA,S216,02,249,221,M,4,4,4,5,5,4,5,5,4,4,224.7166,3.745276666666667,-1.162447408791676
95377,AnPhA-S216-02,4491,3774,0.8403473613894455,AnPhA,S216,02,10,NA,F,5,5,5,5,5,5,4,5,5,5,1089.9667,18.166111666666666,-0.5238536382000195
95449,FrScA-S216-01,3802,1930,0.5076275644397685,FrScA,S216,01,10,10,M,5,5,4,5,5,5,5,5,4,4,1232.8665,20.547775,-0.41838711228018005
95476,FrScA-S216-02,10684,9132,0.8547360539123924,FrScA,S216,02,10,8,M,4,3,3,5,5,4,5,5,3,4,1038.0003,17.300005,-0.5622071955357243
95485,FrScA-S216-01,1923,1686,0.8767550702028081,FrScA,S216,01,24,20,M,5,4,4,5,5,4,4,5,3,5,193.0498,3.217496666666667,-1.1858189417329286
95504,OcnA-S216-01,2944,2075,0.7048233695652174,OcnA,S216,01,10,10,F,4,5,3,5,4,5,5,4,4,4,451.8001,7.530001666666666,-0.9948494986566176
95533,OcnA-S216-01,2735,1915,0.70018281535649,OcnA,S216,01,10,8.25,F,4,4,4,4,4,5,4,4,4,4,1591.2504,26.52084,-0.15388355889100033
95545,AnPhA-S216-01,2322,1596,0.6873385012919897,AnPhA,S216,01,10,10,F,3,3,2,3,3,3,3,3,3,4,4284.4003,71.40667166666667,1.8337830699941549
95578,PhysA-S216-01,9266,6834,0.7375350744657889,PhysA,S216,01,10,10,F,5,3,3,5,4,3,4,4,2,3,2201.5503,36.692505,0.29654541457310096
95594,AnPhA-S216-01,4367,3178,0.727730707579574,AnPhA,S216,01,30,NA,F,5,4,3,5,5,5,5,5,4,4,1419.8,23.663333333333334,-0.2804217209847669
95601,AnPhA-S216-01,15690,9990,0.6367112810707457,AnPhA,S216,01,5,5,F,5,4,4,5,5,5,4,5,4,5,2915.5167,48.591945,0.8234849612449259
95618,AnPhA-S216-01,5900,3822,0.6477966101694915,AnPhA,S216,01,5,2,M,4,4,3,4,4,4,4,4,4,4,3789.3996,63.15666,1.4684501293120218
95620,AnPhA-S216-01,4447,2732,0.6143467506183944,AnPhA,S216,01,20,20,M,4,3,2,5,5,4,4,5,3,5,4013.3999,66.88999833333334,1.6337724981746917
95621,FrScA-S216-01,2893,2370,0.8192188040096785,FrScA,S216,01,30,30,F,NA,NA,NA,NA,NA,NA,NA,NA,NA,NA,1903.0337,31.71722833333333,0.07622664063918141
95624,OcnA-S216-02,7036,5542,0.7876634451392837,OcnA,S216,02,10,NA,F,5,3,2,3,4,3,4,4,3,3,2111.0837,35.18472833333333,0.2297769655355256
95632,FrScA-S216-01,1803,1302,0.7221297836938436,FrScA,S216,01,30,15,F,5,5,5,1,5,5,3,4,4,4,948.1999,15.803331666666667,-0.628483958793699
95633,FrScA-S216-01,8922,7016,0.7863707688859001,FrScA,S216,01,5,10,F,4,3,3,3,4,4,3,4,2,4,981.7835,16.363058333333335,-0.6036977406192753
95634,AnPhA-S216-01,2994,2470,0.8249832999331997,AnPhA,S216,01,30,14.25,F,5,4,3,5,5,5,5,5,5,5,4466.367,74.43945000000001,1.9680827378880053
95658,BioA-S216-01,2472,2008,0.8122977346278317,BioA,S216,01,432,381,F,3,2,2,2,4,3,3,4,3,4,644.2667,10.737778333333333,-0.8528004289056218
95684,FrScA-S216-01,2972,2354,0.7920592193808883,FrScA,S216,01,5,5,F,NA,NA,NA,NA,NA,NA,NA,NA,NA,NA,88.5167,1.4752783333333332,-1.2629691049985956
95707,BioA-S216-01,5398,4762,0.8821785846609855,BioA,S216,01,20,NA,F,2,2,2,2,3,3,4,3,1,2,4034.7502,67.24583666666666,1.6495299867670226
95725,OcnA-S216-01,3019,2130,0.7055316329910566,OcnA,S216,01,10,8,F,4,3,3,4,4,3,4,4,2,3,1886.3334,31.43889,0.06390106269702131
95726,FrScA-S216-01,4574,3766,0.8233493659816353,FrScA,S216,01,10,8,M,NA,NA,NA,NA,NA,NA,4,NA,NA,NA,1823.8667,30.397778333333335,0.01779780828605065
95738,OcnA-S216-01,8998,6824,0.758390753500778,OcnA,S216,01,30,28,M,5,5,5,5,5,4,5,5,4,5,163.6832,2.7280533333333334,-1.2074928228725632
95743,FrScA-S216-01,8108,6110,0.7535767143561914,FrScA,S216,01,5,5,F,5,4,4,4,4,4,4,5,5,5,3122.9167,52.04861166666667,0.9765555566955472
95770,OcnA-S216-01,4035,3095,0.7670384138785625,OcnA,S216,01,30,23.25,M,4,4,4,4,4,4,5,4,4,4,3003.6162,50.060269999999996,0.8885063832502391
95868,OcnA-S216-02,8576,6048,0.7052238805970149,OcnA,S216,02,10,9,F,3,2,3,3,2,3,2,3,3,3,1929.4,32.156666666666666,0.09568616446188988
95896,FrScA-S216-01,3646,2780,0.7624794295117937,FrScA,S216,01,5,NA,M,5,4,3,5,5,4,4,5,4,5,1133.2169,18.886948333333333,-0.4919330313178669
95915,AnPhA-S216-01,3969,2319,0.5842781557067271,AnPhA,S216,01,24,10,F,3,3,2,4,4,3,4,4,3,2,2670.7669,44.51278166666667,0.6428485214068329
95919,AnPhA-S216-02,3492,2095,0.599942726231386,AnPhA,S216,02,15,14,M,5,3,3,5,5,4,4,4,3,5,1937.4333,32.290555,0.10161510377931249
95919,FrScA-S216-02,1524,946,0.6207349081364829,FrScA,S216,02,10,10,F,NA,NA,NA,NA,NA,NA,NA,NA,NA,NA,1636.5333,27.275555,-0.12046272732527727
95921,OcnA-S216-02,5162,4364,0.8454087562960093,OcnA,S216,02,10,10,M,5,4,3,5,5,4,3,5,5,5,960.2998,16.004996666666667,-0.6195536844547743
95923,FrScA-S216-02,4258,3718,0.873179896665101,FrScA,S216,02,30,30,F,5,5,5,5,5,5,5,5,5,5,1276.7667,21.279445,-0.38598677595230474
95925,FrScA-S216-02,2448,2117,0.8647875816993464,FrScA,S216,02,5,NA,F,4,5,4,5,4,4,5,4,4,4,2111.8333,35.197221666666664,0.23033020429323886
95957,AnPhA-S216-01,8884,5212,0.5866726699684827,AnPhA,S216,01,50,50,M,4,4,4,4,5,4,4,4,4,4,3542.5501,59.042501666666666,1.2862640157551841
95989,FrScA-S216-01,3273,2490,0.7607699358386801,FrScA,S216,01,30,30,F,4,3,4,4,3,3,5,4,3,3,873.6171,14.560285,-0.6835294438774724
95991,FrScA-S216-01,11541,7842,0.6794905120873408,FrScA,S216,01,438,421,F,4,4,3,5,4,4,5,5,3,5,870.3836,14.506393333333333,-0.6859159133586179
96027,PhysA-S216-01,2861,2294,0.8018175463124781,PhysA,S216,01,5,4,M,NA,NA,NA,NA,NA,NA,NA,NA,NA,NA,2363.2667,39.38777833333334,0.4158994437058439
96048,FrScA-S216-04,3733,2561,0.6860433967318511,FrScA,S216,04,443,437,F,4,4,3,4,3,4,4,4,5,4,1665.1665,27.752775,-0.09933012860947821
96082,FrScA-S216-02,1954,1487,0.7610030706243602,FrScA,S216,02,30,20.33333,F,4,2,1,4,4,4,4,4,3,4,1250.7833,20.846388333333334,-0.40516370222921727
96090,PhysA-S216-01,3442,2610,0.758280069726903,PhysA,S216,01,5,5,F,5,3,4,5,5,3,4,5,4,5,112.5167,1.8752783333333334,-1.2452560177719085
96121,OcnA-S216-01,2508,1639,0.6535087719298246,OcnA,S216,01,80,NA,M,4,2,3,4,4,3,4,3,1,2,1320.5499,22.009165,-0.35367279092465936
96134,FrScA-S216-02,4110,3236,0.7873479318734793,FrScA,S216,02,15,10,M,NA,NA,NA,NA,NA,NA,NA,NA,NA,NA,2047.7501,34.12916833333333,0.1830338996530208
96142,FrScA-S216-02,7500,5398,0.7197333333333333,FrScA,S216,02,597,20.5,F,4,3,4,4,5,5,4,4,5,5,1548.7666,25.812776666666664,-0.18523852785438075
96189,FrScA-S216-02,1958,1035,0.5286006128702758,FrScA,S216,02,37,25,F,3,3,2,4,2,3,4,3,3,3,1268.1002,21.135003333333334,-0.39238304555439146
96228,AnPhA-S216-01,4019,3254,0.8096541428215974,AnPhA,S216,01,50,NA,M,NA,NA,NA,NA,NA,NA,NA,NA,NA,NA,1747.1669,29.11944833333333,-0.03881011870017681
96280,FrScA-S216-02,4387,3408,0.7768406656029178,FrScA,S216,02,10,8,M,NA,NA,NA,NA,NA,NA,NA,NA,NA,NA,914.8667,15.247778333333335,-0.6530853704247243
96345,OcnA-S216-01,2723,2074,0.7616599338964377,OcnA,S216,01,10,10,M,NA,NA,NA,NA,NA,NA,NA,NA,NA,NA,1540.1833,25.669721666666664,-0.19157339208741506
96373,OcnA-S216-01,3376,2934,0.8690758293838863,OcnA,S216,01,5,3,F,5,5,4,5,5,4,5,5,4,5,2449.6827,40.828044999999996,0.47967836644673517
96374,OcnA-S216-01,2374,1549,0.6524852569502949,OcnA,S216,01,10,10,F,5,4,3,5,5,4,5,5,NA,2,2626.9001,43.78166833333333,0.6104728357920145
96412,OcnA-S216-01,4936,2963,0.6002836304700162,OcnA,S216,01,5,5,M,4,3,3,4,4,4,5,4,3,3,943.0669,15.717781666666667,-0.6322723453243068
96414,FrScA-S216-02,3078,2696,0.875893437296946,FrScA,S216,02,5,5,F,5,4,4,5,4,4,5,5,4,5,310.9335,5.182225,-1.0988154308702363
96433,FrScA-S216-02,4072,2974,0.7303536345776032,FrScA,S216,02,5,5,F,5,3,3,4,NA,3,5,4,4,4,2427.9167,40.46527833333334,0.46361407242273245
96472,PhysA-S216-01,3497,2415,0.6905919359450958,PhysA,S216,01,5,5,F,5,5,4,5,5,5,4,5,5,5,377.3498,6.289163333333334,-1.0497971927379937
96590,PhysA-S216-01,4178,3222,0.7711823839157491,PhysA,S216,01,460,457,F,5,5,5,5,5,5,5,5,5,5,262.1667,4.369445,-1.134807538460503
96640,AnPhA-S216-01,3338,2501,0.7492510485320552,AnPhA,S216,01,5,NA,F,NA,NA,NA,NA,NA,NA,NA,NA,NA,NA,769.2331,12.820551666666667,-0.7605695645887435
96671,OcnA-S216-01,3572,2412,0.6752519596864501,OcnA,S216,01,10,10,F,NA,NA,NA,NA,NA,NA,NA,NA,NA,NA,1734.6833,28.91138833333333,-0.048023581021138136
96677,AnPhA-S216-01,4372,3074,0.7031107044830741,AnPhA,S216,01,10,10,F,4,4,3,4,4,4,4,4,4,4,11.0333,0.18388833333333335,-1.3201553642827741
96680,AnPhA-S216-01,3271,2489,0.7609293793946805,AnPhA,S216,01,505,447.84,F,5,4,3,5,4,5,5,4,4,4,1776.5166,29.60861,-0.017148710526131022
96689,OcnA-S216-01,4489,3301,0.7353530853196703,OcnA,S216,01,24,16,F,4,3,3,4,4,3,3,4,3,4,1858.3502,30.972503333333336,0.04324819342694508
96690,AnPhA-S216-01,2103,1639,0.7793628150261531,AnPhA,S216,01,20,8,F,4,3,2,5,4,4,3,4,3,2,1969.5003,32.825005,0.12528200245006985
96720,AnPhA-S216-01,2317,2027,0.8748381527837721,AnPhA,S216,01,10,NA,F,5,5,4,4,5,5,5,5,5,5,68.1167,1.1352783333333332,-1.2780252291412795
96756,OcnA-S216-01,3771,2441,0.6473084062582869,OcnA,S216,01,5,5,F,4,3,3,4,3,3,3,4,2,5,3967.3171,66.12195166666667,1.59976130417261
96769,FrScA-S216-02,4002,3440,0.8595702148925537,FrScA,S216,02,28,18,M,NA,NA,NA,NA,NA,NA,NA,NA,NA,NA,510.8667,8.514445,-0.9512556720739577
96808,PhysA-S216-01,2411,1897,0.7868104520945666,PhysA,S216,01,5,5,F,NA,NA,NA,NA,NA,NA,NA,NA,NA,NA,2446.3169,40.77194833333333,0.4771942535722525
96826,AnPhA-S216-02,5508,4114,0.7469135802469136,AnPhA,S216,02,10,10,F,NA,NA,NA,NA,NA,NA,NA,NA,NA,NA,1073.95,17.899166666666666,-0.5356746883743394
96841,FrScA-S216-02,4578,3906,0.8532110091743119,FrScA,S216,02,30,30,F,5,5,4,4,4,4,4,5,3,4,1670.95,27.84916666666667,-0.09506164361049715
96853,AnPhA-S216-01,8619,6543,0.7591367908109989,AnPhA,S216,01,15,12,M,NA,NA,NA,NA,NA,NA,NA,NA,NA,NA,2521.2334,42.02055666666667,0.5324860243730071
96854,AnPhA-S216-01,4120,3312,0.8038834951456311,AnPhA,S216,01,5,5,F,4,4,5,5,4,3,5,4,3,4,2563.3833,42.723055,0.5635945600103461
96856,OcnA-S216-01,7900,3846,0.48683544303797466,OcnA,S216,01,5,5,F,4,3,3,4,4,4,3,4,4,4,529.2335,8.820558333333334,-0.9377001416374944
96867,PhysA-S216-01,4441,2604,0.5863544246791264,PhysA,S216,01,15,15,F,4,4,3,4,4,4,NA,4,4,4,1841.7836,30.696393333333333,0.031021292141543547
96871,AnPhA-S216-02,1646,1034,0.6281895504252734,AnPhA,S216,02,10,10,F,NA,NA,NA,NA,NA,NA,NA,NA,NA,NA,244.3835,4.073058333333333,-1.1479323456592374
96950,BioA-S216-01,3994,2684,0.6720080120180271,BioA,S216,01,30,21.75,M,4,3,2,4,4,3,4,4,3,2,2264.4834,37.74139,0.3429928933125104
96959,AnPhA-S216-01,7420,6196,0.8350404312668464,AnPhA,S216,01,625,576.21833,F,NA,NA,NA,NA,NA,NA,NA,NA,NA,NA,1727.2666,28.787776666666666,-0.05349744160589523
96994,AnPhA-S216-01,5009,3914,0.7813934917149131,AnPhA,S216,01,28,18,M,4,5,3,4,4,5,4,4,4,4,2676.7501,44.61250166666667,0.6472643940524461
97006,OcnA-S216-01,3131,2589,0.8268923666560204,OcnA,S216,01,30,28,F,5,4,5,5,5,4,5,5,3,4,2399.5166,39.99194333333333,0.44265351206662235
97150,PhysA-S216-01,2545,1950,0.7662082514734774,PhysA,S216,01,235,120.7,F,NA,NA,NA,NA,NA,NA,NA,NA,NA,NA,759.3335,12.655558333333333,-0.7678759178516317
97265,PhysA-S216-01,2415,1272,0.5267080745341615,PhysA,S216,01,5,4,M,4,4,3,4,3,4,4,4,4,4,817.4501,13.624168333333333,-0.7249832343050281
97272,OcnA-S216-01,4949,4074,0.8231966053748232,OcnA,S216,01,10,NA,F,5,5,3,5,4,5,3,5,5,3,1638.45,27.3075,-0.11904811589663597
97374,BioA-S216-01,4612,3404,0.73807458803122294,BioA,S216,01,10,10,M,NA,NA,NA,NA,NA,NA,NA,NA,NA,NA,470.8,7.846666666666667,-0.9808267117400203
97386,BioA-S216-01,2980,2534,0.8503355704697987,BioA,S216,01,625,459.08333,F,4,4,3,4,4,4,3,4,3,3,71.0166,1.18361,-1.275884971572585
97441,FrScA-S216-02,3418,2863,0.8376243417203043,FrScA,S216,02,10,10,F,4,2,3,5,4,2,5,5,2,4,208.6664,3.4777733333333334,-1.1742931834835832
