RespondentId,StartDate,CompletedDate,LanguageCode,opdata_CourseID,opdata_username,"Q1MaincellgroupRow1","Q1MaincellgroupRow2","Q1MaincellgroupRow3","Q1MaincellgroupRow4","Q1MaincellgroupRow5","Q1MaincellgroupRow6","Q1MaincellgroupRow7","Q1MaincellgroupRow8","Q1MaincellgroupRow9","Q1MaincellgroupRow10"
426746,2015.08.24 14:11,,en,FrScA-S116-01,_80624_1,,,,,,,,,,
426775,2015.08.24 15:26,2015.08.24 15:26,en,BioA-S116-01,_80623_1,,,,,,,,,,
427483,2015.08.26 20:57,,en,OcnA-S116-03,_82588_1,,,,,,,,,,
429883,2015.09.02 11:40,2015.09.02 11:40,en,AnPhA-S116-01,_80623_1,1,1,1,1,1,1,1,1,1,1
430158,2015.09.03 9:02,2015.09.03 9:02,en,AnPhA-S116-01,_80624_1,,1,,,,,,,,
430161,2015.09.03 9:03,2015.09.03 9:03,en,AnPhA-S116-02,_80624_1,,,,,,,5,,,
430162,2015.09.03 9:04,2015.09.03 9:05,en,AnPhA-T116-01,_80624_1,,,,,,,,,,
430167,2015.09.03 9:14,2015.09.03 9:14,en,BioA-S116-01,_80624_1,,,,,,,,,,
430170,2015.09.03 9:15,2015.09.03 9:15,en,BioA-T116-01,_80624_1,,,,,,,,,,
430172,2015.09.03 9:15,2015.09.03 9:15,en,PhysA-S116-01,_80624_1,,,,,,,,,,
430174,2015.09.03 9:15,2015.09.03 9:15,en,PhysA-T116-01,_80624_1,,,,,,,,,,
430176,2015.09.03 9:16,2015.09.03 9:16,en,OcnA-S116-01,_80624_1,,,,,,,,,,
430179,2015.09.03 9:16,2015.09.03 9:16,en,OcnA-S116-02,_80624_1,,,,,,,,,,
430181,2015.09.03 9:17,2015.09.03 9:17,en,OcnA-S116-03,_80624_1,,,,,,,,,,
430183,2015.09.03 9:17,2015.09.03 9:17,en,OcnA-T116-01,_80624_1,,,,,,,,,,
430184,2015.09.03 9:18,2015.09.03 9:18,en,OcnA-T116-01,_80624_1,,,,,,,,,,
430188,2015.09.03 9:18,2015.09.03 9:18,en,FrScA-S116-01,_80624_1,,,,,,,,,,
430190,2015.09.03 9:19,2015.09.03 9:19,en,FrScA-S116-02,_80624_1,,,,,,,,,,
430192,2015.09.03 9:19,2015.09.03 9:19,en,FrScA-S116-03,_80624_1,,,,,,,,,,
430195,2015.09.03 9:20,2015.09.03 9:20,en,FrScA-S116-04,_80624_1,,,,,,,,,,
430197,2015.09.03 9:22,2015.09.03 9:22,en,FrScA-S116-05,_80624_1,,,,,,,,,,
430200,2015.09.03 9:22,2015.09.03 9:22,en,FrScA-T116-01,_80624_1,,,,,,,,,,
430222,2015.09.03 10:40,,en,AnPhA-S116-01,_53248_1,,,,,,,,,,
430439,2015.09.03 23:02,,en,PhysA-S116-01,_76185_1,,,,,,,,,,
430440,2015.09.03 23:02,,en,PhysA-S116-01,_76185_1,,,,,,,,,,
431821,2015.09.08 9:10,2015.09.08 9:10,en,FrScA-S116-01,_85791_1,4,4,4,2,5,4,3,4,4,5
431864,2015.09.08 11:33,2015.09.08 11:35,en,@X@course.course_id@X@,@X@user.pk_string@X@,3,1,5,1,5,4,1,5,4,4
431889,2015.09.08 12:51,2015.09.08 12:52,en,FrScA-S116-01,_87010_1,4,3,3,3,4,4,3,4,4,4
431890,2015.09.08 12:52,2015.09.08 12:53,en,FrScA-S116-01,_87027_1,5,3,3,1,5,5,1,5,3,5
431909,2015.09.08 13:28,2015.09.08 13:29,en,FrScA-S116-01,_85649_1,4,3,2,2,4,3,2,4,3,4
431949,2015.09.08 15:51,2015.09.08 15:52,en,BioA-S116-01,_86216_1,4,3,3,2,4,4,2,4,3,3
431955,2015.09.08 16:07,,en,OcnA-S116-02,_68476_1,,,,,,,,,,
431956,2015.09.08 16:07,2015.09.08 16:08,en,OcnA-S116-02,_68476_1,4,3,4,2,4,4,2,4,4,4
431974,2015.09.08 17:15,2015.09.08 17:16,en,FrScA-T116-01,_87866_1,4,4,3,2,4,3,2,4,3,3
431999,2015.09.08 18:55,2015.09.08 18:57,en,FrScA-T116-01,_64930_1,5,3,3,1,5,4,3,5,3,5
432171,2015.09.09 7:48,2015.09.09 7:49,en,FrScA-S116-01,_86280_1,5,5,3,1,5,5,1,5,5,5
432173,2015.09.09 7:49,2015.09.09 7:49,en,OcnA-S116-02,_85410_1,5,5,5,1,5,5,1,5,5,5
432192,2015.09.09 8:23,2015.09.09 8:24,en,PhysA-T116-01,_84632_1,4,4,3,1,5,5,2,4,3,4
432201,2015.09.09 8:44,,en,FrScA-T116-01,_87866_1,,,,,,,,,,
432202,2015.09.09 8:48,2015.09.09 8:48,en,FrScA-S116-01,_69072_1,4,3,3,2,4,3,2,4,2,4
432208,2015.09.09 9:03,2015.09.09 9:05,en,OcnA-S116-02,_86133_1,4,4,3,2,5,4,2,4,4,5
432210,2015.09.09 9:05,2015.09.09 9:06,en,FrScA-S116-03,_86309_1,5,3,5,1,4,4,2,5,3,5
432214,2015.09.09 9:16,2015.09.09 9:16,en,OcnA-S116-02,_54342_1,4,3,3,2,4,3,2,4,3,4
432215,2015.09.09 9:18,,en,PhysA-S116-01,_88296_1,,,,,,,,,,
432218,2015.09.09 9:19,2015.09.09 9:20,en,PhysA-S116-01,_62754_1,4,4,4,2,4,4,2,4,4,4
432219,2015.09.09 9:20,2015.09.09 9:22,en,FrScA-S116-01,_86364_1,4,3,3,1,5,5,1,5,3,5
432220,2015.09.09 9:20,2015.09.09 9:21,en,PhysA-S116-01,_62752_1,4,4,4,2,5,5,2,4,4,4
432221,2015.09.09 9:23,,en,OcnA-S116-02,_54342_1,,,,,,,,,,
432222,2015.09.09 9:23,2015.09.09 9:23,en,OcnA-S116-02,_87209_1,4,3,3,2,4,4,2,4,3,3
432230,2015.09.09 9:40,2015.09.09 9:41,en,OcnA-S116-01,_44638_1,4,2,2,2,4,4,2,4,3,4
432232,2015.09.09 9:41,,en,PhysA-S116-01,_88296_1,,,,,,,,,,
432237,2015.09.09 9:58,2015.09.09 10:00,en,BioA-S116-01,_70681_1,5,4,4,1,4,5,3,5,4,5
432242,2015.09.09 10:07,2015.09.09 10:08,en,OcnA-S116-01,_66740_1,4,3,3,2,4,3,3,4,3,4
432246,2015.09.09 10:14,2015.09.09 10:16,en,FrScA-S116-02,_77298_1,4,2,4,1,5,4,2,5,2,4
432247,2015.09.09 10:09,2015.09.09 10:10,en,OcnA-S116-01,_54066_1,4,5,4,2,5,5,2,5,4,5
432248,2015.09.09 10:11,2015.09.09 10:12,en,BioA-S116-01,_86110_1,4,3,3,2,4,3,3,4,3,3
432256,2015.09.09 10:24,,en,OcnA-S116-01,_85355_1,,,,,,,,,,
432257,2015.09.09 10:24,2015.09.09 10:25,en,OcnA-S116-01,_67920_1,4,4,4,1,5,4,1,5,5,5
432258,2015.09.09 10:25,,en,FrScA-T116-01,_87693_1,,,,,,,,,,
432261,2015.09.09 10:27,2015.09.09 10:28,en,AnPhA-T116-01,_79859_1,5,4,4,1,5,5,1,5,5,5
432266,2015.09.09 10:34,2015.09.09 10:36,en,FrScA-T116-01,_72287_1,4,3,3,2,5,4,1,5,3,4
432268,2015.09.09 10:39,2015.09.09 10:40,en,OcnA-S116-02,_87001_1,4,4,5,2,4,4,2,4,3,5
432271,2015.09.09 10:40,2015.09.09 10:41,en,OcnA-S116-01,_54346_1,4,2,2,1,5,3,2,5,1,3
432273,2015.09.09 10:43,,en,BioA-S116-01,_70681_1,,,,,,,,,,
432274,2015.09.09 10:43,,en,OcnA-S116-02,_87001_1,,,,,,,,,,
432279,2015.09.09 10:44,2015.09.09 10:46,en,FrScA-S116-02,_85567_1,4,3,3,1,5,4,1,5,3,4
432282,2015.09.09 10:52,2015.09.09 10:52,en,@X@course.course_id@X@,@X@user.pk_string@X@,3,4,3,3,3,4,3,3,3,3
432284,2015.09.09 10:59,2015.09.09 11:00,en,OcnA-S116-01,_86758_1,4,3,4,1,5,3,3,5,3,4
432291,2015.09.09 11:09,,en,OcnA-S116-02,_88166_1,,,,,,,,,,
432296,2015.09.09 11:22,2015.09.09 11:23,en,FrScA-S116-02,_62157_1,5,4,5,1,5,5,1,5,3,5
432297,2015.09.09 11:23,2015.09.09 11:24,en,FrScA-S116-02,_62157_1,5,5,5,1,5,4,1,5,3,5
432306,2015.09.09 11:42,2015.09.09 11:43,en,FrScA-S116-01,_76840_1,5,4,3,1,5,4,2,5,5,5
432309,2015.09.09 11:46,2015.09.09 11:48,en,FrScA-S116-01,_76840_1,5,4,3,1,5,4,2,5,4,5
432323,2015.09.09 11:57,2015.09.09 11:58,en,BioA-S116-01,_68598_1,4,3,4,2,4,3,2,4,4,5
432324,2015.09.09 11:57,,en,FrScA-S116-01,_85662_1,,,,,,,,,,
432330,2015.09.09 12:10,2015.09.09 12:11,en,OcnA-T116-01,_84645_1,5,4,2,3,3,4,2,4,4,4
432334,2015.09.09 12:22,2015.09.09 12:25,en,AnPhA-S116-02,_57188_1,4,5,3,1,4,5,2,4,5,3
432347,2015.09.09 12:45,2015.09.09 12:46,en,FrScA-S116-01,_87504_1,4,3,3,1,5,4,3,5,3,5
432350,2015.09.09 12:49,2015.09.09 12:49,en,FrScA-S116-02,_85661_1,4,3,2,2,5,3,2,4,3,5
432351,2015.09.09 12:49,2015.09.09 12:49,en,OcnA-S116-01,_58178_1,4,4,4,2,5,5,1,4,3,3
432352,2015.09.09 12:50,2015.09.09 12:51,en,BioA-S116-01,_86113_1,4,3,4,2,4,3,2,4,3,3
432353,2015.09.09 12:52,2015.09.09 12:53,en,FrScA-S116-01,_86793_1,5,4,4,1,5,4,1,5,4,4
432360,2015.09.09 12:55,2015.09.09 12:56,en,OcnA-S116-01,_87970_1,5,5,3,5,5,5,3,5,5,5
432361,2015.09.09 12:55,2015.09.09 12:56,en,OcnA-S116-03,_88307_1,4,3,4,2,4,3,4,5,3,5
432366,2015.09.09 13:01,,en,OcnA-S116-01,_76891_1,,,,,,,,,,
432370,2015.09.09 13:04,2015.09.09 13:05,en,BioA-S116-01,_86113_1,4,3,4,2,4,3,2,4,3,3
432371,2015.09.09 13:06,,en,FrScA-S116-03,_89165_1,,,,,,,,,,
432372,2015.09.09 13:06,2015.09.09 13:07,en,OcnA-T116-01,_84684_1,5,4,4,1,5,5,1,5,4,5
432373,2015.09.09 13:08,2015.09.09 13:09,en,OcnA-S116-02,_86689_1,5,4,3,1,5,4,3,5,4,5
432375,2015.09.09 13:10,2015.09.09 13:10,en,BioA-S116-01,_86580_1,4,3,2,2,4,4,3,4,3,3
432378,2015.09.09 13:20,2015.09.09 13:21,en,PhysA-S116-01,_76426_1,4,4,4,1,5,5,1,5,4,4
432379,2015.09.09 13:21,2015.09.09 13:23,en,OcnA-S116-01,_88440_1,5,4,3,1,4,4,2,5,4,4
432380,2015.09.09 13:24,,en,FrScA-S116-03,_77976_1,,,,,,,,,,
432382,2015.09.09 13:24,2015.09.09 13:25,en,FrScA-S116-01,_87484_1,5,4,3,1,2,4,1,4,2,4
432385,2015.09.09 13:33,2015.09.09 13:34,en,FrScA-S116-03,_57224_1,4,3,3,2,4,4,2,5,2,5
432387,2015.09.09 13:36,2015.09.09 13:37,en,AnPhA-T116-01,_66508_1,4,4,3,2,4,5,2,4,2,4
432388,2015.09.09 13:36,2015.09.09 13:38,en,FrScA-S116-01,_87914_1,5,5,2,1,4,4,1,4,4,5
432389,2015.09.09 13:37,2015.09.09 13:38,en,PhysA-S116-01,_86353_1,5,5,3,1,5,5,3,5,5,4
432392,2015.09.09 13:42,2015.09.09 13:42,en,OcnA-S116-01,_86460_1,5,3,4,2,4,4,3,4,4,4
432393,2015.09.09 13:43,,en,AnPhA-T116-01,_84757_1,,,,,,,,,,
432399,2015.09.09 13:54,2015.09.09 13:55,en,AnPhA-T116-01,_76132_1,5,5,5,1,5,5,1,5,5,5
432400,2015.09.09 13:56,2015.09.09 13:57,en,OcnA-T116-01,_88340_1,4,3,3,2,4,3,3,4,3,3
432404,2015.09.09 14:10,,en,PhysA-S116-01,_85390_1,,,,,,,,,,
432406,2015.09.09 14:11,2015.09.09 14:11,en,PhysA-S116-01,_85390_1,3,5,3,2,4,4,2,4,4,3
432409,2015.09.09 14:31,2015.09.09 14:32,en,FrScA-S116-02,_61357_1,5,5,4,1,5,5,1,5,4,5
432414,2015.09.09 14:27,2015.09.09 14:28,en,FrScA-S116-01,_88261_1,4,2,2,2,3,3,3,4,2,3
432422,2015.09.09 14:57,2015.09.09 14:57,en,FrScA-S116-01,_87093_1,5,5,4,2,4,5,2,4,4,5
432431,2015.09.09 15:20,,en,BioA-S116-01,_70408_1,,,,,,,,,,
432444,2015.09.09 16:03,2015.09.09 16:05,en,BioA-S116-01,_87081_1,4,4,3,2,4,4,1,4,4,4
432450,2015.09.09 16:21,2015.09.09 16:23,en,PhysA-S116-01,_88481_1,4,5,3,1,5,5,1,5,4,5
432472,2015.09.09 17:45,2015.09.09 17:46,en,FrScA-S116-01,_85416_1,5,3,4,1,5,4,2,5,3,4
432473,2015.09.09 17:48,2015.09.09 18:13,en,PhysA-S116-01,_87171_1,5,5,4,1,5,5,2,5,4,5
432503,2015.09.09 19:39,,en,PhysA-S116-01,_88381_1,,,,,,,,,,
432511,2015.09.09 20:05,2015.09.09 20:06,en,PhysA-S116-01,_88381_1,4,3,3,2,4,4,3,4,3,2
432514,2015.09.09 20:14,2015.09.09 20:15,en,FrScA-S116-03,_89144_1,5,5,5,1,5,3,2,5,5,5
432531,2015.09.09 21:16,2015.09.09 21:18,en,FrScA-S116-02,_67762_1,5,4,4,1,5,5,3,5,5,5
432659,2015.09.10 7:17,2015.09.10 7:18,en,@X@course.course_id@X@,@X@user.pk_string@X@,5,3,4,1,5,5,1,5,4,5
432667,2015.09.10 7:47,2015.09.10 7:47,en,OcnA-S116-02,_87122_1,5,5,4,1,5,5,2,5,5,5
432669,2015.09.10 7:53,2015.09.10 7:54,en,OcnA-S116-02,_54282_1,3,1,3,2,4,3,2,3,2,3
432674,2015.09.10 8:01,2015.09.10 8:02,en,FrScA-S116-02,_85698_1,5,4,3,1,5,4,1,5,5,5
432676,2015.09.10 8:07,2015.09.10 8:08,en,AnPhA-S116-01,_85411_1,4,4,4,1,5,4,3,4,4,4
432694,2015.09.10 8:46,2015.09.10 8:47,en,BioA-T116-01,_84794_1,3,3,3,4,3,3,1,3,4,3
432701,2015.09.10 8:54,,en,AnPhA-S116-01,_66693_1,,,,,,,,,,
432705,2015.09.10 9:05,2015.09.10 9:07,en,FrScA-S116-03,_88835_1,5,2,3,5,5,3,2,5,3,5
432706,2015.09.10 9:06,2015.09.10 9:06,en,OcnA-T116-01,_88703_1,4,3,3,2,4,3,3,5,3,5
432708,2015.09.10 9:11,2015.09.10 9:12,en,FrScA-S116-03,_85891_1,5,5,3,1,5,4,1,5,4,5
432712,2015.09.10 9:19,2015.09.10 9:22,en,BioA-S116-01,_61965_1,3,4,3,2,4,5,3,4,3,3
432718,2015.09.10 9:37,2015.09.10 9:37,en,@X@course.course_id@X@,@X@user.pk_string@X@,5,4,4,2,4,5,2,4,4,4
432719,2015.09.10 9:37,,en,PhysA-S116-01,_62754_1,,,,,,,,,,
432722,2015.09.10 9:41,2015.09.10 9:42,en,AnPhA-S116-01,_87166_1,4,5,4,1,5,4,1,5,4,4
432723,2015.09.10 9:42,2015.09.10 9:43,en,FrScA-S116-03,_73132_1,4,5,4,1,4,4,1,5,4,5
432729,2015.09.10 9:52,2015.09.10 9:53,en,FrScA-S116-01,_87905_1,5,3,4,2,5,3,2,5,2,3
432733,2015.09.10 9:57,2015.09.10 9:57,en,PhysA-S116-01,_62576_1,4,4,4,2,4,5,2,4,4,4
432736,2015.09.10 10:04,,en,AnPhA-S116-01,_88050_1,,,,,,,,,,
432740,2015.09.10 10:12,2015.09.10 10:13,en,PhysA-S116-01,_89395_1,5,5,4,1,5,4,3,5,4,5
432745,2015.09.10 10:26,2015.09.10 10:57,en,PhysA-S116-01,_89295_1,4,5,4,1,4,4,1,5,3,4
432748,2015.09.10 10:33,2015.09.10 10:34,en,OcnA-S116-02,_88168_1,4,3,3,1,5,3,2,5,5,5
432751,2015.09.10 10:43,2015.09.10 10:44,en,FrScA-S116-03,_85700_1,4,3,3,2,4,4,2,4,4,3
432753,2015.09.10 10:46,2015.09.10 10:47,en,AnPhA-S116-01,_86432_1,4,4,3,2,4,4,3,4,4,3
432758,2015.09.10 10:56,2015.09.10 10:57,en,OcnA-S116-01,_89487_1,5,4,5,1,5,4,2,5,4,5
432759,2015.09.10 10:56,,en,OcnA-S116-02,_85482_1,,,,,,,,,,
432761,2015.09.10 11:01,2015.09.10 11:02,en,AnPhA-S116-02,_86707_1,4,5,3,1,4,5,2,4,4,5
432765,2015.09.10 11:16,2015.09.10 11:17,en,BioA-S116-01,_70408_1,4,3,2,3,4,3,3,3,2,3
432766,2015.09.10 11:17,2015.09.10 11:18,en,FrScA-S116-03,_89376_1,5,4,4,1,5,5,2,5,5,5
432771,2015.09.10 11:28,,en,AnPhA-S116-01,_88153_1,,,,,,,,,,
432772,2015.09.10 11:27,2015.09.10 11:28,en,AnPhA-S116-01,_88099_1,4,4,3,2,3,4,3,4,4,4
432774,2015.09.10 11:30,2015.09.10 11:31,en,OcnA-S116-02,_88166_1,5,1,3,1,5,5,3,5,3,5
432775,2015.09.10 11:32,2015.09.10 11:35,en,OcnA-S116-01,_89114_1,4,4,3,2,4,4,3,4,3,4
432782,2015.09.10 11:50,2015.09.10 11:51,en,FrScA-S116-03,_89168_1,4,4,3,1,4,4,2,4,3,4
432786,2015.09.10 12:04,2015.09.10 12:05,en,@X@course.course_id@X@,@X@user.pk_string@X@,5,4,3,1,4,4,2,4,3,4
432791,2015.09.10 12:20,2015.09.10 12:23,en,PhysA-S116-01,_89490_1,3,3,2,3,3,4,4,3,2,3
432802,2015.09.10 12:41,2015.09.10 12:41,en,AnPhA-S116-01,_86446_1,4,4,3,2,4,4,3,4,3,4
432810,2015.09.10 13:05,2015.09.10 13:07,en,OcnA-S116-02,_87122_1,5,5,4,1,5,5,2,5,5,5
432811,2015.09.10 13:07,2015.09.10 13:08,en,FrScA-S116-03,_70068_1,5,2,3,1,5,3,3,5,2,4
432814,2015.09.10 13:11,2015.09.10 13:12,en,FrScA-S116-03,_85574_1,5,4,4,1,5,4,1,5,4,5
432815,2015.09.10 13:12,2015.09.10 13:13,en,FrScA-S116-03,_88636_1,5,3,5,1,5,5,1,5,5,5
432816,2015.09.10 13:14,2015.09.10 13:15,en,@X@course.course_id@X@,@X@user.pk_string@X@,5,3,3,1,5,5,3,5,3,5
432820,2015.09.10 13:15,2015.09.10 13:15,en,OcnA-T116-01,_84684_1,5,4,5,1,5,5,1,5,5,5
432821,2015.09.10 13:26,,en,AnPhA-S116-01,_70532_1,,,,,,,,,,
432825,2015.09.10 13:19,2015.09.10 13:20,en,FrScA-S116-02,_86627_1,5,5,4,2,5,5,2,4,4,3
432826,2015.09.10 13:21,2015.09.10 13:22,en,@X@course.course_id@X@,@X@user.pk_string@X@,5,3,4,1,5,4,2,5,4,5
432829,2015.09.10 13:25,2015.09.10 13:26,en,OcnA-S116-01,_57981_1,4,2,2,2,4,4,3,4,4,5
432830,2015.09.10 13:26,,en,AnPhA-S116-01,_67508_1,,,,,,,,,,
432835,2015.09.10 13:42,2015.09.10 13:43,en,AnPhA-S116-01,_66693_1,5,5,5,1,5,5,1,5,5,5
432840,2015.09.10 13:54,2015.09.10 13:58,en,@X@course.course_id@X@,@X@user.pk_string@X@,3,3,3,5,2,4,3,3,3,3
432843,2015.09.10 14:03,2015.09.10 14:03,en,FrScA-S116-03,_77976_1,4,3,2,4,4,3,2,4,2,3
432847,2015.09.10 14:10,2015.09.10 14:11,en,FrScA-S116-03,_78691_1,4,1,3,2,4,3,3,4,2,4
432848,2015.09.10 14:11,2015.09.10 14:16,en,AnPhA-S116-01,_66811_1,4,4,4,2,4,4,,4,4,4
432856,2015.09.10 14:42,2015.09.10 14:43,en,@X@course.course_id@X@,_86429_1,5,5,5,1,5,5,1,5,5,5
432867,2015.09.10 15:03,2015.09.10 15:04,en,OcnA-T116-01,_87955_1,5,4,5,1,5,5,3,5,2,5
432869,2015.09.10 15:06,,en,AnPhA-S116-02,_90397_1,,,,,,,,,,
432875,2015.09.10 15:23,2015.09.10 15:24,en,FrScA-S116-03,_90274_1,5,5,4,1,5,5,1,5,5,5
432888,2015.09.10 16:13,2015.09.10 16:14,en,@X@course.course_id@X@,_85865_1,4,4,3,2,4,4,3,4,,4
432891,2015.09.10 16:18,,en,FrScA-S116-01,_85929_1,,,,,,,,,,
432893,2015.09.10 16:21,2015.09.10 16:22,en,FrScA-S116-01,_85323_1,5,5,4,1,5,5,2,5,3,5
432905,2015.09.10 17:07,2015.09.10 17:08,en,AnPhA-T116-01,_90516_1,5,4,3,2,4,4,2,5,4,5
432909,2015.09.10 17:15,2015.09.10 17:16,en,PhysA-S116-01,_89425_1,3,4,3,3,4,5,2,3,3,4
432932,2015.09.10 18:26,2015.09.10 18:27,en,BioA-T116-01,_87689_1,3,4,2,3,3,5,2,3,2,2
432936,2015.09.10 18:39,2015.09.10 18:40,en,FrScA-S116-01,_85929_1,4,4,3,2,4,4,2,4,4,4
432940,2015.09.10 18:56,2015.09.10 18:58,en,FrScA-S116-01,_85665_1,5,4,4,1,5,4,1,5,5,5
432944,2015.09.10 19:09,2015.09.10 19:10,en,PhysA-S116-01,_85953_1,5,5,5,2,4,4,1,4,4,4
432945,2015.09.10 19:12,,en,@X@course.course_id@X@,_85953_1,,,,,,,,,,
432982,2015.09.10 21:42,2015.09.10 21:43,en,@X@course.course_id@X@,@X@user.pk_string@X@,3,3,2,4,2,4,3,3,4,3
432987,2015.09.10 21:57,2015.09.10 21:58,en,AnPhA-S116-01,_88068_1,4,4,4,1,4,5,1,5,5,5
432989,2015.09.10 22:03,2015.09.10 22:04,en,PhysA-S116-01,_85962_1,4,3,2,2,4,3,4,4,3,3
432991,2015.09.10 22:07,2015.09.10 22:08,en,AnPhA-S116-01,_86479_1,5,5,,1,5,5,2,5,5,5
432994,2015.09.10 22:14,2015.09.10 22:15,en,FrScA-S116-01,_87805_1,5,3,4,1,4,4,1,5,3,4
433110,2015.09.11 7:35,2015.09.11 7:36,en,AnPhA-S116-01,_86608_1,4,4,3,2,4,4,2,4,4,4
433111,2015.09.11 7:36,2015.09.11 7:37,en,AnPhA-S116-01,_86504_1,2,2,3,5,2,2,4,2,3,2
433112,2015.09.11 7:37,,en,FrScA-S116-01,_85663_1,,,,,,,,,,
433118,2015.09.11 8:02,2015.09.11 8:03,en,AnPhA-S116-01,_86072_1,5,4,3,1,5,5,2,5,5,4
433124,2015.09.11 8:21,,en,FrScA-S116-01,_85539_1,,,,,,,,,,
433125,2015.09.11 8:22,2015.09.11 8:23,en,FrScA-S116-01,_87489_1,3,2,3,2,3,3,3,4,3,3
433127,2015.09.11 8:27,2015.09.11 8:28,en,PhysA-S116-01,_54434_1,5,5,4,1,5,5,2,5,5,5
433129,2015.09.11 8:32,,en,PhysA-S116-01,_54434_1,,,,,,,,,,
433131,2015.09.11 8:38,2015.09.11 8:39,en,FrScA-S116-01,_85663_1,4,2,3,1,4,3,1,5,3,5
433133,2015.09.11 8:39,2015.09.11 8:40,en,@X@course.course_id@X@,@X@user.pk_string@X@,5,4,5,1,5,2,3,5,3,4
433134,2015.09.11 8:39,2015.09.11 8:40,en,@X@course.course_id@X@,@X@user.pk_string@X@,4,4,3,1,4,4,1,4,3,4
433139,2015.09.11 8:55,2015.09.11 8:56,en,@X@course.course_id@X@,@X@user.pk_string@X@,4,3,3,1,4,4,1,5,3,4
433144,2015.09.11 9:06,2015.09.11 9:12,en,OcnA-S116-02,_86133_1,4,4,3,2,4,4,3,4,4,5
433146,2015.09.11 9:10,2015.09.11 9:11,en,FrScA-S116-03,_90370_1,5,3,3,1,4,4,3,4,4,4
433148,2015.09.11 9:17,2015.09.11 9:19,en,AnPhA-S116-01,_89918_1,5,5,3,1,4,4,2,5,4,4
433156,2015.09.11 9:35,2015.09.11 9:36,en,FrScA-S116-01,_85650_1,4,3,3,1,4,3,2,4,3,4
433162,2015.09.11 9:51,2015.09.11 9:52,en,AnPhA-S116-01,_77010_1,4,4,3,,4,4,2,4,3,4
433166,2015.09.11 10:05,2015.09.11 10:06,en,AnPhA-S116-01,_85249_1,4,4,4,2,4,4,1,4,4,4
433169,2015.09.11 10:18,2015.09.11 10:19,en,FrScA-S116-02,_68768_1,4,3,3,1,4,3,1,5,2,5
433172,2015.09.11 10:23,2015.09.11 10:23,en,@X@course.course_id@X@,@X@user.pk_string@X@,4,2,2,3,4,,,,,
433178,2015.09.11 10:39,2015.09.11 10:40,en,@X@course.course_id@X@,@X@user.pk_string@X@,5,3,4,1,5,4,1,5,3,4
433192,2015.09.11 11:22,2015.09.11 11:23,en,OcnA-S116-02,_90090_1,5,4,3,1,5,4,2,5,4,5
433194,2015.09.11 11:26,2015.09.11 11:27,en,@X@course.course_id@X@,@X@user.pk_string@X@,4,2,2,2,4,4,2,4,2,4
433198,2015.09.11 11:35,2015.09.11 11:35,en,AnPhA-S116-01,_86484_1,5,5,4,2,4,5,1,4,4,4
433199,2015.09.11 11:39,,en,FrScA-S116-01,_86803_1,,,,,,,,,,
433202,2015.09.11 11:44,2015.09.11 11:45,en,FrScA-S116-01,_86815_1,5,3,3,1,5,4,2,4,3,5
433209,2015.09.11 12:03,2015.09.11 12:04,en,AnPhA-S116-02,_90398_1,5,4,3,1,5,5,1,,4,5
433211,2015.09.11 12:07,2015.09.11 12:08,en,FrScA-S116-03,_85573_1,5,3,4,2,4,3,1,4,,3
433222,2015.09.11 12:42,2015.09.11 12:43,en,FrScA-S116-01,_88527_1,5,2,3,1,4,2,2,4,2,3
433225,2015.09.11 12:49,2015.09.11 12:50,en,OcnA-T116-01,_88282_1,3,2,3,3,2,2,3,4,2,2
433226,2015.09.11 12:53,2015.09.11 12:53,en,@X@course.course_id@X@,@X@user.pk_string@X@,5,3,4,1,5,3,1,5,4,4
433234,2015.09.11 13:10,2015.09.11 13:11,en,AnPhA-S116-01,_86451_1,4,4,4,1,4,5,2,5,4,4
433236,2015.09.11 13:18,2015.09.11 13:18,en,AnPhA-S116-01,_70532_1,5,5,4,1,5,5,2,4,4,4
433246,2015.09.11 13:39,2015.09.11 13:40,en,OcnA-T116-01,_84685_1,4,4,3,2,5,3,1,5,4,5
433252,2015.09.11 13:46,2015.09.11 13:47,en,FrScA-S116-01,_87906_1,5,4,3,1,5,5,2,5,4,5
433256,2015.09.11 13:54,,en,PhysA-S116-01,_86353_1,,,,,,,,,,
433260,2015.09.11 14:00,2015.09.11 14:00,en,AnPhA-T116-01,_79859_1,5,5,4,1,5,5,1,5,5,5
433268,2015.09.11 14:12,2015.09.11 14:14,en,OcnA-S116-01,_90562_1,4,3,5,,1,4,2,4,3,5
433271,2015.09.11 14:20,2015.09.11 14:20,en,PhysA-S116-01,_86353_1,5,5,4,1,4,4,2,5,5,3
433281,2015.09.11 14:39,2015.09.11 14:40,en,@X@course.course_id@X@,@X@user.pk_string@X@,5,4,3,1,4,4,2,4,5,5
433282,2015.09.11 14:44,2015.09.11 14:45,en,BioA-S116-01,_70681_1,5,4,4,1,4,5,4,5,4,5
433296,2015.09.11 15:22,,en,PhysA-S116-01,_85953_1,,,,,,,,,,
433299,2015.09.11 15:33,,en,BioA-S116-01,_49147_1,,,,,,,,,,
433302,2015.09.11 15:40,,en,BioA-S116-01,_70408_1,,,,,,,,,,
433316,2015.09.11 16:32,2015.09.11 16:32,en,BioA-S116-01,_49147_1,5,5,4,1,5,5,2,5,5,5
433325,2015.09.11 17:02,2015.09.11 17:03,en,OcnA-T116-01,_79893_1,4,4,4,2,4,4,3,4,4,4
433370,2015.09.11 20:08,,en,BioA-S116-01,_49147_1,,,,,,,,,,
433371,2015.09.11 20:08,2015.09.11 20:09,en,BioA-S116-01,_49147_1,5,3,3,1,5,4,3,5,3,5
433374,2015.09.11 20:15,2015.09.11 20:16,en,BioA-S116-01,_49147_1,5,5,5,1,5,5,1,5,5,5
433385,2015.09.11 20:55,2015.09.11 20:55,en,BioA-S116-01,_49147_1,5,5,5,1,5,5,3,5,5,5
433387,2015.09.11 20:56,,en,AnPhA-S116-02,_90397_1,,,,,,,,,,
433388,2015.09.11 20:57,,en,AnPhA-S116-02,_90397_1,,,,,,,,,,
433554,2015.09.12 10:15,,en,AnPhA-T116-01,_90516_1,,,,,,,,,,
433603,2015.09.12 14:02,2015.09.12 14:02,en,OcnA-S116-01,_89435_1,5,3,4,1,5,4,1,5,4,5
433621,2015.09.12 15:23,2015.09.12 15:23,en,BioA-S116-01,_49147_1,5,5,5,1,4,4,5,5,5,5
433672,2015.09.12 18:52,2015.09.12 18:53,en,OcnA-S116-01,_86943_1,5,4,4,1,4,4,2,4,3,4
433709,2015.09.12 21:27,2015.09.12 21:28,en,FrScA-S116-01,_87027_1,5,3,4,1,5,5,1,5,5,5
433724,2015.09.12 22:33,2015.09.12 22:34,en,AnPhA-S116-01,_87043_1,5,5,5,1,5,5,2,5,4,5
433727,2015.09.12 22:42,2015.09.12 22:43,en,BioA-S116-01,_85292_1,3,3,2,4,3,4,2,2,2,2
433880,2015.09.13 10:54,,en,FrScA-S116-03,_90274_1,,,,,,,,,,
433936,2015.09.13 14:47,2015.09.13 14:47,en,BioA-S116-01,_49147_1,5,4,4,1,5,5,3,5,5,5
433967,2015.09.13 16:56,2015.09.13 16:57,en,BioA-S116-01,_86113_1,4,3,4,1,4,3,2,4,3,4
433973,2015.09.13 17:12,2015.09.13 17:13,en,BioA-S116-01,_49147_1,4,2,3,2,3,3,3,4,2,3
433974,2015.09.13 17:14,2015.09.13 17:15,en,BioA-S116-01,_49147_1,4,4,3,2,4,4,3,4,3,3
434005,2015.09.13 19:18,2015.09.13 19:19,en,OcnA-S116-01,_90861_1,4,4,3,2,4,4,3,4,4,5
434030,2015.09.13 20:58,2015.09.13 20:59,en,BioA-S116-01,_49147_1,5,5,4,1,5,4,2,5,5,5
434037,2015.09.13 21:18,2015.09.13 21:18,en,AnPhA-S116-01,_86267_1,5,5,4,1,5,5,1,5,5,5
434071,2015.09.13 23:58,2015.09.13 23:59,en,FrScA-S116-03,_85704_1,5,4,4,1,5,5,3,5,2,5
434162,2015.09.14 7:29,2015.09.14 7:30,en,FrScA-S116-01,_88501_1,5,3,3,1,5,3,2,4,4,4
434165,2015.09.14 7:32,2015.09.14 7:33,en,FrScA-S116-01,_88493_1,4,2,2,2,4,3,1,4,2,4
434168,2015.09.14 7:36,2015.09.14 7:36,en,FrScA-S116-01,_76840_1,5,4,3,1,5,4,2,5,4,5
434173,2015.09.14 7:51,2015.09.14 7:53,en,AnPhA-S116-01,_86588_1,5,5,5,1,5,5,1,5,4,5
434179,2015.09.14 8:08,,en,FrScA-S116-01,_85792_1,,,,,,,,,,
434181,2015.09.14 8:11,2015.09.14 8:12,en,FrScA-S116-01,_86792_1,5,4,3,1,4,4,1,5,4,4
434186,2015.09.14 8:23,2015.09.14 8:24,en,FrScA-S116-01,_68188_1,5,1,5,1,5,5,1,5,2,5
434192,2015.09.14 8:30,2015.09.14 8:31,en,FrScA-S116-01,_77246_1,5,3,4,1,4,5,2,4,4,5
434193,2015.09.14 8:31,2015.09.14 8:32,en,FrScA-S116-01,_85431_1,4,3,3,2,4,4,4,4,3,4
434199,2015.09.14 8:37,2015.09.14 8:38,en,BioA-S116-01,_49147_1,5,5,5,1,5,5,1,5,5,5
434206,2015.09.14 8:46,2015.09.14 8:47,en,BioA-S116-01,_49147_1,4,2,3,3,4,3,3,3,2,2
434208,2015.09.14 8:53,2015.09.14 8:54,en,BioA-S116-01,_49147_1,4,3,3,2,4,4,1,4,3,3
434209,2015.09.14 8:53,,en,PhysA-S116-01,_89425_1,,,,,,,,,,
434213,2015.09.14 9:00,2015.09.14 9:00,en,BioA-S116-01,_86067_1,4,3,2,4,4,3,2,4,2,4
434221,2015.09.14 9:28,2015.09.14 9:28,en,FrScA-S116-01,_86803_1,5,4,4,1,5,5,1,5,4,4
434225,2015.09.14 9:35,,en,FrScA-S116-01,_85650_1,,,,,,,,,,
434227,2015.09.14 9:37,,en,FrScA-S116-01,_88527_1,,,,,,,,,,
434228,2015.09.14 9:38,2015.09.14 9:38,en,BioA-S116-01,_49147_1,4,4,4,2,4,4,2,4,4,4
434231,2015.09.14 9:43,,en,FrScA-S116-03,_88835_1,,,,,,,,,,
434234,2015.09.14 9:50,2015.09.14 9:51,en,BioA-S116-01,_49147_1,5,4,4,1,5,5,2,5,4,4
434236,2015.09.14 9:56,2015.09.14 9:57,en,BioA-S116-01,_49147_1,4,4,3,2,,5,2,5,4,5
434245,2015.09.14 10:11,2015.09.14 10:12,en,FrScA-S116-01,_87905_1,5,3,4,1,5,4,1,5,2,2
434248,2015.09.14 10:15,,en,FrScA-S116-03,_85700_1,,,,,,,,,,
434249,2015.09.14 10:16,2015.09.14 10:18,en,FrScA-S116-01,_85668_1,3,2,3,3,4,4,3,4,2,4
434251,2015.09.14 10:18,2015.09.14 10:19,en,FrScA-S116-01,_86340_1,4,4,4,1,4,3,2,4,3,5
434255,2015.09.14 10:26,2015.09.14 10:27,en,FrScA-S116-01,_86271_1,4,4,3,2,5,5,2,4,3,4
434263,2015.09.14 10:41,2015.09.14 10:42,en,FrScA-S116-01,_87927_1,5,3,4,1,4,4,3,4,3,4
434267,2015.09.14 10:46,2015.09.14 10:47,en,FrScA-S116-03,_88868_1,4,3,3,2,5,4,2,5,4,4
434268,2015.09.14 10:46,,en,BioA-S116-01,_49147_1,,,,,,,,,,
434269,2015.09.14 10:49,2015.09.14 10:51,en,FrScA-S116-01,_86476_1,4,3,4,2,4,3,2,4,2,4
434273,2015.09.14 10:55,2015.09.14 10:56,en,BioA-S116-01,_49147_1,4,4,4,1,4,4,1,4,4,4
434277,2015.09.14 11:06,2015.09.14 11:07,en,BioA-S116-01,_49147_1,5,4,3,1,5,5,1,5,5,5
434279,2015.09.14 11:11,2015.09.14 11:12,en,FrScA-S116-01,_85443_1,4,3,4,1,5,4,3,5,3,5
434280,2015.09.14 11:08,,en,FrScA-S116-03,_89388_1,,,,,,,,,,
434281,2015.09.14 11:08,2015.09.14 11:09,en,FrScA-S116-01,_86365_1,4,4,4,1,4,4,2,4,4,5
434289,2015.09.14 11:19,,en,AnPhA-S116-02,_86707_1,,,,,,,,,,
434290,2015.09.14 11:21,2015.09.14 11:22,en,BioA-S116-01,_85889_1,4,4,4,2,4,4,1,4,3,2
434293,2015.09.14 11:28,2015.09.14 11:29,en,BioA-S116-01,_49147_1,5,4,4,1,5,4,5,,3,5
434305,2015.09.14 12:00,2015.09.14 12:01,en,PhysA-S116-01,_48797_1,4,4,3,2,4,4,2,4,3,3
434315,2015.09.14 12:31,2015.09.14 12:33,en,BioA-S116-01,_49147_1,5,3,4,2,5,5,1,5,5,5
434316,2015.09.14 12:32,,en,BioA-S116-01,_49147_1,,,,,,,,,,
434318,2015.09.14 12:34,,en,BioA-S116-01,_49147_1,,,,,,,,,,
434324,2015.09.14 12:49,2015.09.14 12:49,en,BioA-S116-01,_49147_1,4,4,3,2,4,3,2,4,4,3
434327,2015.09.14 12:52,,en,FrScA-S116-01,_85579_1,,,,,,,,,,
434330,2015.09.14 12:54,2015.09.14 12:55,en,FrScA-S116-01,_70037_1,5,4,3,1,5,5,1,5,5,5
434333,2015.09.14 13:05,2015.09.14 13:07,en,BioA-S116-01,_89300_1,3,3,2,2,4,4,2,3,4,3
434334,2015.09.14 13:08,,en,FrScA-S116-01,_86543_1,,,,,,,,,,
434340,2015.09.14 13:16,2015.09.14 13:18,en,FrScA-S116-01,_87914_1,5,4,3,1,4,4,1,5,4,4
434342,2015.09.14 13:17,2015.09.14 13:17,en,FrScA-S116-03,_89165_1,5,4,3,1,5,4,3,5,4,5
434359,2015.09.14 14:13,2015.09.14 14:14,en,PhysA-S116-01,_91030_1,4,4,4,2,4,5,1,4,3,3
434365,2015.09.14 14:21,2015.09.14 14:22,en,FrScA-S116-01,_61941_1,5,4,4,2,4,4,2,5,5,5
434366,2015.09.14 14:22,,en,FrScA-S116-03,_78691_1,,,,,,,,,,
434371,2015.09.14 14:33,2015.09.14 14:34,en,BioA-S116-01,_49147_1,5,5,5,1,4,4,2,5,5,5
434374,2015.09.14 14:35,2015.09.14 14:36,en,BioA-S116-01,_71434_1,3,3,3,2,4,3,3,4,2,3
434377,2015.09.14 14:46,2015.09.14 14:47,en,FrScA-S116-03,_86618_1,5,5,4,1,5,5,1,5,5,5
434382,2015.09.14 15:00,,en,FrScA-S116-01,_86455_1,,,,,,,,,,
434414,2015.09.14 17:17,2015.09.14 17:18,en,BioA-S116-01,_49147_1,3,3,3,3,3,3,3,3,3,3
434426,2015.09.14 17:54,2015.09.14 17:55,en,FrScA-S116-01,_85662_1,4,4,5,2,4,4,2,4,3,3
434436,2015.09.14 18:42,,en,BioA-S116-01,_49147_1,,,,,,,,,,
434452,2015.09.14 19:53,2015.09.14 19:54,en,BioA-S116-01,_77169_1,4,3,3,2,4,4,3,4,3,4
434468,2015.09.14 20:59,2015.09.14 20:59,en,FrScA-S116-01,_86679_1,4,3,3,2,,3,1,4,3,4
434472,2015.09.14 21:12,2015.09.14 21:14,en,@X@course.course_id@X@,@X@user.pk_string@X@,5,4,2,1,4,5,1,5,4,5
434499,2015.09.14 22:55,2015.09.14 22:55,en,BioA-S116-01,_49147_1,3,2,3,2,4,3,3,3,3,2
434603,2015.09.15 7:20,2015.09.15 7:21,en,AnPhA-S116-01,_88641_1,4,4,3,2,4,4,2,4,4,2
434615,2015.09.15 8:06,2015.09.15 8:06,en,FrScA-S116-01,_86793_1,5,4,4,1,5,4,1,5,4,4
434632,2015.09.15 8:20,2015.09.15 8:21,en,AnPhA-T116-01,_89005_1,5,5,3,1,5,5,2,5,5,5
434638,2015.09.15 8:30,2015.09.15 8:31,en,BioA-S116-01,_49147_1,5,5,5,1,5,5,1,5,5,5
434656,2015.09.15 9:15,2015.09.15 9:16,en,BioA-S116-01,_49147_1,4,3,3,2,4,3,4,5,3,4
434660,2015.09.15 9:24,,en,FrScA-S116-03,_86309_1,,,,,,,,,,
434666,2015.09.15 9:48,,en,FrScA-S116-01,_86364_1,,,,,,,,,,
434671,2015.09.15 10:01,2015.09.15 10:02,en,BioA-S116-01,_49147_1,4,1,5,3,4,2,2,4,1,4
434674,2015.09.15 10:13,2015.09.15 10:14,en,FrScA-S116-04,_91176_1,5,5,4,1,5,5,1,5,5,5
434678,2015.09.15 10:22,,en,BioA-S116-01,_49147_1,,,,,,,,,,
434685,2015.09.15 10:41,2015.09.15 10:42,en,BioA-S116-01,_49147_1,5,4,4,1,5,5,1,5,5,4
434688,2015.09.15 10:51,2015.09.15 10:52,en,FrScA-S116-03,_90098_1,5,4,5,1,5,5,2,5,5,5
434689,2015.09.15 10:52,,en,BioA-S116-01,_49147_1,,,,,,,,,,
434690,2015.09.15 10:54,2015.09.15 10:54,en,FrScA-S116-02,_91340_1,5,3,3,1,5,4,3,5,5,5
434707,2015.09.15 11:47,,en,BioA-S116-01,_49147_1,,,,,,,,,,
434732,2015.09.15 12:37,2015.09.15 12:38,en,OcnA-S116-03,_88307_1,3,2,3,4,3,3,4,3,,4
434739,2015.09.15 13:00,2015.09.15 13:00,en,FrScA-S116-01,_86280_1,5,5,4,1,5,5,1,5,5,5
434744,2015.09.15 13:11,,en,BioA-S116-01,_90253_1,,,,,,,,,,
434756,2015.09.15 13:46,2015.09.15 13:47,en,FrScA-S116-03,_57224_1,4,3,4,2,4,3,2,4,2,4
434757,2015.09.15 13:48,,en,PhysA-S116-01,_91575_1,,,,,,,,,,
434764,2015.09.15 14:06,2015.09.15 14:07,en,AnPhA-S116-02,_76930_1,4,4,4,1,5,5,3,5,3,4
434765,2015.09.15 14:07,2015.09.15 14:08,en,BioA-S116-01,_49147_1,5,4,4,1,4,4,2,5,3,5
434774,2015.09.15 14:33,2015.09.15 14:35,en,BioA-S116-01,_90430_1,4,3,3,2,4,4,3,4,3,4
434776,2015.09.15 14:35,2015.09.15 14:36,en,BioA-S116-01,_49147_1,3,2,3,3,4,2,3,4,2,3
434780,2015.09.15 14:47,2015.09.15 14:47,en,BioA-S116-01,_49147_1,5,5,5,5,5,5,5,5,5,5
434789,2015.09.15 15:01,2015.09.15 15:02,en,FrScA-S116-01,_87010_1,4,3,3,2,4,3,3,4,3,5
434817,2015.09.15 16:29,2015.09.15 16:31,en,BioA-S116-01,_91066_1,4,4,3,2,4,4,1,4,3,3
434825,2015.09.15 17:03,,en,OcnA-S116-01,_90928_1,,,,,,,,,,
434828,2015.09.15 17:12,2015.09.15 17:14,en,FrScA-S116-03,_86618_1,5,5,5,1,5,5,1,5,5,5
434874,2015.09.15 20:15,2015.09.15 20:16,en,OcnA-S116-01,_91635_1,3,3,3,3,3,3,3,3,3,3
434906,2015.09.15 22:40,2015.09.15 22:41,en,BioA-S116-01,_49147_1,5,4,3,1,5,4,1,5,4,4
435021,2015.09.16 7:57,2015.09.16 7:57,en,BioA-S116-01,_49147_1,5,4,4,2,5,4,2,5,4,4
435036,2015.09.16 8:58,2015.09.16 8:59,en,FrScA-S116-01,_86339_1,4,4,3,1,4,4,2,4,3,4
435038,2015.09.16 9:03,2015.09.16 9:04,en,FrScA-S116-03,_90370_1,5,3,3,1,4,4,3,5,4,5
435047,2015.09.16 9:18,2015.09.16 9:19,en,PhysA-S116-01,_91633_1,5,5,3,1,5,5,1,5,3,4
435054,2015.09.16 9:43,,en,BioA-S116-01,_49147_1,,,,,,,,,,
435056,2015.09.16 9:47,2015.09.16 9:48,en,PhysA-S116-01,_79596_1,4,5,3,3,3,5,2,3,2,2
435057,2015.09.16 9:49,2015.09.16 9:50,en,BioA-S116-01,_91624_1,5,4,3,1,5,4,1,5,3,5
435059,2015.09.16 9:52,2015.09.16 9:52,en,BioA-S116-01,_49147_1,4,4,5,1,5,4,1,4,4,5
435064,2015.09.16 10:09,2015.09.16 10:10,en,BioA-S116-01,_49147_1,4,4,2,2,4,4,2,4,2,2
435065,2015.09.16 10:12,2015.09.16 10:13,en,FrScA-S116-01,_91173_1,5,3,3,1,4,3,2,5,4,5
435068,2015.09.16 10:20,2015.09.16 10:20,en,BioA-S116-01,_49147_1,4,3,3,2,4,4,3,4,3,4
435084,2015.09.16 10:59,2015.09.16 11:00,en,FrScA-S116-03,_88836_1,5,3,3,1,5,4,3,5,3,4
435086,2015.09.16 11:03,2015.09.16 11:04,en,BioA-S116-01,_90466_1,5,5,5,1,5,5,1,5,5,5
435109,2015.09.16 12:10,2015.09.16 12:11,en,AnPhA-T116-01,_84640_1,5,5,5,1,5,5,3,5,5,5
435110,2015.09.16 12:12,2015.09.16 12:14,en,FrScA-S116-03,_85702_1,5,4,3,1,5,5,2,5,4,5
435134,2015.09.16 13:24,,en,BioA-S116-01,_49147_1,,,,,,,,,,
435139,2015.09.16 13:40,2015.09.16 13:41,en,FrScA-S116-03,_85704_1,5,3,3,1,5,5,2,4,2,5
435142,2015.09.16 13:49,2015.09.16 13:50,en,FrScA-S116-03,_86882_1,5,4,4,1,5,4,1,5,3,5
435149,2015.09.16 14:04,2015.09.16 14:05,en,BioA-S116-01,_86113_1,4,3,4,2,3,3,2,4,3,3
435152,2015.09.16 14:12,2015.09.16 14:13,en,BioA-S116-01,_49147_1,4,3,3,2,4,3,2,4,2,3
435154,2015.09.16 14:18,,en,BioA-S116-01,_71434_1,,,,,,,,,,
435158,2015.09.16 14:28,,en,FrScA-S116-03,_90589_1,,,,,,,,,,
435161,2015.09.16 14:38,2015.09.16 14:40,en,BioA-S116-01,_49147_1,4,4,3,1,4,4,2,4,3,5
435170,2015.09.16 15:10,2015.09.16 15:11,en,AnPhA-T116-01,_76132_1,5,5,5,1,5,5,2,5,5,5
435189,2015.09.16 16:18,2015.09.16 16:19,en,BioA-S116-01,_49147_1,5,3,1,1,5,4,1,5,3,5
435200,2015.09.16 17:05,2015.09.16 17:06,en,BioA-S116-01,_49147_1,4,2,3,3,4,4,3,4,3,4
435207,2015.09.16 17:31,2015.09.16 17:31,en,AnPhA-T116-01,_84641_1,4,4,3,2,4,4,3,4,4,4
435213,2015.09.16 17:54,,en,BioA-S116-01,_49147_1,,,,,,,,,,
435218,2015.09.16 18:07,2015.09.16 18:08,en,BioA-S116-01,_49147_1,5,5,4,4,4,4,3,5,3,4
435230,2015.09.16 18:55,2015.09.16 18:57,en,BioA-S116-01,_91300_1,4,4,3,1,4,4,2,4,3,4
435231,2015.09.16 18:57,2015.09.16 18:58,en,FrScA-S116-01,_87163_1,5,4,4,1,4,4,1,4,5,5
435248,2015.09.16 20:14,2015.09.16 20:15,en,BioA-S116-01,_87552_1,4,5,3,2,4,5,,4,4,4
435259,2015.09.16 20:58,,en,FrScA-S116-03,_85573_1,,,,,,,,,,
435269,2015.09.16 21:41,2015.09.16 21:42,en,BioA-S116-01,_91300_1,4,4,3,1,4,3,2,4,3,4
435392,2015.09.17 7:44,2015.09.17 7:45,en,BioA-S116-01,_91351_1,4,4,5,2,4,4,3,4,4,3
435413,2015.09.17 8:46,2015.09.17 8:46,en,BioA-S116-01,_49147_1,4,3,3,2,4,4,3,4,4,4
435414,2015.09.17 8:48,2015.09.17 8:50,en,AnPhA-S116-01,_86294_1,4,4,3,2,4,4,2,4,5,4
435419,2015.09.17 8:56,2015.09.17 8:57,en,AnPhA-S116-01,_85866_1,5,5,4,1,5,5,2,5,4,5
435420,2015.09.17 8:57,2015.09.17 8:58,en,AnPhA-S116-01,_86488_1,4,4,4,1,4,4,2,4,3,4
435425,2015.09.17 9:11,2015.09.17 9:12,en,AnPhA-S116-01,_89918_1,4,5,3,2,5,4,2,4,3,4
435427,2015.09.17 9:19,,en,OcnA-S116-01,_91818_1,,,,,,,,,,
435442,2015.09.17 10:11,2015.09.17 10:11,en,AnPhA-S116-01,_85583_1,5,5,5,1,5,5,4,5,5,5
435444,2015.09.17 10:17,2015.09.17 10:18,en,BioA-S116-01,_49147_1,5,4,3,2,4,4,1,5,3,5
435445,2015.09.17 10:18,2015.09.17 10:19,en,AnPhA-S116-01,_86275_1,4,4,3,2,4,5,3,5,3,5
435453,2015.09.17 10:43,2015.09.17 10:44,en,AnPhA-T116-01,_87865_1,4,5,3,2,4,5,2,4,4,3
435458,2015.09.17 10:58,2015.09.17 11:08,en,AnPhA-S116-01,_88153_1,4,4,2,2,3,4,3,3,2,2
435462,2015.09.17 11:12,2015.09.17 11:13,en,AnPhA-S116-01,_89194_1,3,4,3,2,4,4,2,4,2,3
435463,2015.09.17 11:14,2015.09.17 11:15,en,BioA-S116-01,_69937_1,4,4,2,3,3,4,4,4,3,
435465,2015.09.17 11:19,2015.09.17 11:20,en,AnPhA-S116-01,_90305_1,5,5,5,1,5,5,1,5,4,5
435469,2015.09.17 11:28,2015.09.17 11:29,en,BioA-S116-01,_49147_1,4,3,3,2,4,4,2,4,3,4
435472,2015.09.17 11:37,2015.09.17 11:38,en,AnPhA-S116-01,_86492_1,4,4,3,2,4,4,2,4,4,4
435493,2015.09.17 12:40,2015.09.17 12:41,en,AnPhA-S116-01,_60186_1,4,4,4,1,4,5,1,4,4,4
435497,2015.09.17 12:55,2015.09.17 12:56,en,BioA-S116-01,_49147_1,5,5,3,1,5,5,1,5,5,5
435499,2015.09.17 13:02,2015.09.17 13:03,en,BioA-S116-01,_88568_1,3,3,3,3,4,4,2,3,2,2
435501,2015.09.17 13:09,2015.09.17 13:09,en,BioA-S116-01,_49147_1,4,4,4,2,4,4,2,4,3,4
435509,2015.09.17 13:30,2015.09.17 13:31,en,BioA-S116-01,_49147_1,5,5,3,2,4,5,2,5,3,5
435557,2015.09.17 15:07,2015.09.17 15:08,en,BioA-S116-01,_49147_1,4,5,3,1,4,5,2,4,4,4
435631,2015.09.17 20:53,2015.09.17 20:54,en,AnPhA-S116-02,_91672_1,4,4,2,4,4,4,4,4,4,4
435636,2015.09.17 21:13,2015.09.17 21:14,en,FrScA-S116-03,_88874_1,4,3,2,2,3,4,3,4,3,2
435650,2015.09.17 22:10,2015.09.17 22:11,en,BioA-S116-01,_49147_1,5,5,3,2,4,4,2,5,4,4
435770,2015.09.18 7:42,,en,BioA-S116-01,_91351_1,,,,,,,,,,
435775,2015.09.18 7:57,,en,AnPhA-S116-01,_66862_1,,,,,,,,,,
435787,2015.09.18 8:16,2015.09.18 8:17,en,AnPhA-S116-02,_90398_1,5,4,5,1,5,5,1,5,5,5
435789,2015.09.18 8:18,2015.09.18 8:18,en,FrScA-S116-01,_85323_1,5,5,4,1,5,5,2,5,4,5
435801,2015.09.18 8:38,2015.09.18 8:41,en,FrScA-S116-01,_85433_1,5,3,3,1,4,4,1,4,3,4
435803,2015.09.18 8:43,2015.09.18 8:44,en,BioA-S116-01,_49147_1,5,4,4,1,5,4,2,4,4,5
435805,2015.09.18 8:46,2015.09.18 8:47,en,AnPhA-S116-01,_88050_1,4,4,3,1,4,5,1,4,4,4
435806,2015.09.18 8:48,2015.09.18 8:49,en,BioA-S116-01,_49147_1,4,4,3,2,3,4,2,4,4,4
435809,2015.09.18 8:51,2015.09.18 8:53,en,FrScA-S116-04,_88075_1,5,4,4,1,4,4,3,4,3,5
435819,2015.09.18 9:07,2015.09.18 9:08,en,BioA-S116-01,_91611_1,4,4,3,2,5,3,3,4,2,3
435823,2015.09.18 9:18,2015.09.18 9:18,en,BioA-S116-01,_49147_1,4,5,4,1,4,5,3,4,4,5
435824,2015.09.18 9:18,2015.09.18 9:19,en,FrScA-S116-01,_90095_1,4,4,4,1,4,5,3,4,4,5
435831,2015.09.18 9:35,2015.09.18 9:36,en,FrScA-S116-03,_90855_1,5,4,4,1,4,4,2,5,4,4
435835,2015.09.18 9:50,,en,OcnA-S116-01,_91818_1,,,,,,,,,,
435844,2015.09.18 10:15,2015.09.18 10:16,en,BioA-S116-01,_49147_1,4,4,3,2,4,4,2,4,4,4
435848,2015.09.18 10:20,2015.09.18 10:21,en,BioA-S116-01,_49147_1,4,3,3,2,4,4,3,4,4,4
435850,2015.09.18 10:28,2015.09.18 10:29,en,BioA-S116-01,_49147_1,5,3,3,1,4,3,1,5,3,5
435855,2015.09.18 10:37,,en,AnPhA-S116-02,_90971_1,,,,,,,,,,
435856,2015.09.18 10:38,2015.09.18 10:40,en,AnPhA-S116-02,_90971_1,3,3,3,3,3,3,3,3,3,3
435863,2015.09.18 11:04,2015.09.18 11:06,en,FrScA-S116-03,_88886_1,4,3,4,2,4,3,2,4,3,4
435877,2015.09.18 11:58,2015.09.18 11:59,en,FrScA-S116-03,_90097_1,5,3,3,1,4,4,3,5,3,4
436003,2015.09.18 20:12,2015.09.18 20:13,en,FrScA-S116-01,_85539_1,4,4,3,2,4,4,2,4,4,3
436167,2015.09.19 9:33,2015.09.19 9:33,en,BioA-S116-01,_49147_1,5,5,5,1,5,5,1,5,5,5
436245,2015.09.19 15:31,,en,PhysA-S116-01,_89395_1,,,,,,,,,,
436273,2015.09.19 17:35,2015.09.19 17:36,en,PhysA-S116-01,_52446_1,4,4,3,2,4,4,3,5,3,4
436492,2015.09.20 11:24,2015.09.20 11:24,en,BioA-S116-01,_49147_1,5,5,5,1,5,5,1,5,5,5
436497,2015.09.20 11:41,2015.09.20 11:42,en,AnPhA-T116-01,_84749_1,5,4,3,1,5,5,1,5,3,5
436509,2015.09.20 12:35,2015.09.20 12:36,en,AnPhA-S116-02,_90395_1,5,5,5,1,5,5,2,5,5,5
436514,2015.09.20 12:55,,en,BioA-S116-01,_49147_1,,,,,,,,,,
436517,2015.09.20 13:05,,en,BioA-S116-01,_90430_1,,,,,,,,,,
436577,2015.09.20 17:43,2015.09.20 17:44,en,PhysA-S116-01,_90326_1,5,5,5,1,5,5,1,5,4,5
436593,2015.09.20 18:44,2015.09.20 18:45,en,BioA-S116-01,_49147_1,5,5,4,1,5,5,2,5,5,5
436594,2015.09.20 18:44,2015.09.20 18:47,en,BioA-S116-01,_91067_1,4,3,4,2,5,4,2,4,3,4
436610,2015.09.20 19:52,2015.09.20 19:53,en,AnPhA-S116-01,_86277_1,4,5,5,1,4,4,3,4,3,4
436618,2015.09.20 20:25,2015.09.20 20:28,en,FrScA-S116-01,_85791_1,5,5,3,1,4,4,3,4,4,4
436646,2015.09.20 22:38,,en,FrScA-S116-04,_91477_1,,,,,,,,,,
436758,2015.09.21 7:46,2015.09.21 7:47,en,BioA-S116-01,_49147_1,5,4,5,1,5,5,1,5,5,5
436760,2015.09.21 7:51,2015.09.21 7:51,en,FrScA-S116-01,_85433_1,5,,,,,,,,,
436764,2015.09.21 8:10,2015.09.21 8:12,en,FrScA-S116-01,_85432_1,4,2,3,1,5,4,1,4,3,5
436771,2015.09.21 8:28,2015.09.21 8:29,en,BioA-S116-01,_49147_1,5,2,5,1,5,5,1,5,2,5
436796,2015.09.21 9:35,2015.09.21 9:36,en,PhysA-S116-01,_91821_1,4,4,4,2,4,4,2,4,4,4
436798,2015.09.21 9:38,2015.09.21 9:39,en,OcnA-S116-01,_91818_1,4,4,3,2,4,4,2,4,3,4
436802,2015.09.21 9:40,2015.09.21 9:41,en,BioA-S116-01,_49147_1,5,5,4,1,4,5,1,5,5,5
436812,2015.09.21 10:14,2015.09.21 10:14,en,AnPhA-S116-02,_65627_1,4,4,3,2,4,4,2,4,4,4
436821,2015.09.21 10:48,,en,AnPhA-S116-02,_86707_1,,,,,,,,,,
436824,2015.09.21 10:58,2015.09.21 10:59,en,BioA-S116-01,_49147_1,5,4,4,2,4,4,2,4,3,4
436844,2015.09.21 12:01,,en,FrScA-S116-01,_86815_1,,,,,,,,,,
436848,2015.09.21 12:08,2015.09.21 12:11,en,BioA-S116-01,_49147_1,5,5,5,2,4,5,2,4,4,4
436861,2015.09.21 12:49,2015.09.21 12:50,en,AnPhA-S116-02,_91619_1,4,4,4,2,4,4,2,4,4,4
436863,2015.09.21 12:54,,en,OcnA-S116-03,_88307_1,,,,,,,,,,
436868,2015.09.21 13:02,2015.09.21 13:03,en,AnPhA-S116-02,_90399_1,4,4,4,1,5,5,1,5,5,5
436874,2015.09.21 13:28,2015.09.21 13:29,en,BioA-S116-01,_49147_1,5,4,4,2,4,4,1,5,5,5
436877,2015.09.21 13:36,2015.09.21 13:37,en,FrScA-S116-03,_90372_1,5,4,3,1,5,5,2,5,3,5
436886,2015.09.21 14:05,2015.09.21 14:07,en,BioA-S116-01,_49147_1,4,4,3,1,5,5,2,5,4,5
436888,2015.09.21 14:13,2015.09.21 14:14,en,BioA-S116-01,_49147_1,4,2,3,2,4,2,1,4,2,2
436894,2015.09.21 14:36,2015.09.21 14:37,en,FrScA-S116-01,_85930_1,4,2,3,1,4,2,3,4,2,4
436928,2015.09.21 17:09,2015.09.21 17:10,en,BioA-S116-01,_49147_1,4,3,3,2,4,3,2,4,2,4
436937,2015.09.21 17:44,2015.09.21 17:45,en,BioA-S116-01,_49147_1,4,4,3,2,4,4,2,4,3,4
437129,2015.09.22 8:23,2015.09.22 8:24,en,BioA-S116-01,_49147_1,4,4,4,2,,4,3,4,4,3
437131,2015.09.22 8:30,2015.09.22 8:31,en,FrScA-S116-01,_92214_1,4,5,3,3,4,4,1,3,3,3
437142,2015.09.22 9:06,2015.09.22 9:07,en,BioA-S116-01,_49147_1,5,4,5,1,5,5,2,5,4,5
437158,2015.09.22 10:19,2015.09.22 10:20,en,BioA-S116-01,_49147_1,4,2,3,2,5,3,1,5,3,5
437166,2015.09.22 10:49,2015.09.22 10:50,en,AnPhA-S116-01,_86286_1,4,4,3,2,4,4,4,4,3,5
437169,2015.09.22 10:56,2015.09.22 10:57,en,FrScA-S116-01,_86709_1,5,3,4,1,4,3,3,4,3,4
437173,2015.09.22 11:11,2015.09.22 11:13,en,FrScA-S116-01,_87579_1,4,3,3,2,4,4,3,4,3,3
437191,2015.09.22 12:23,2015.09.22 12:25,en,BioA-S116-01,_49147_1,5,5,4,1,5,5,1,4,4,4
437196,2015.09.22 12:32,2015.09.22 12:33,en,AnPhA-S116-02,_91065_1,4,2,3,1,4,3,2,4,3,4
437212,2015.09.22 13:31,2015.09.22 13:32,en,AnPhA-S116-01,_85970_1,5,5,3,2,4,4,2,4,3,4
437216,2015.09.22 13:48,2015.09.22 13:48,en,AnPhA-S116-02,_91634_1,4,4,3,2,4,4,2,4,3,4
437217,2015.09.22 13:48,2015.09.22 13:49,en,FrScA-S116-01,_55283_1,5,3,4,1,5,5,2,5,3,5
437222,2015.09.22 14:05,2015.09.22 14:06,en,FrScA-S116-01,_53447_1,5,2,3,2,4,2,3,4,2,2
437226,2015.09.22 14:16,2015.09.22 14:18,en,BioA-S116-01,_49147_1,4,4,3,2,4,4,2,4,3,4
437261,2015.09.22 16:27,,en,BioA-S116-01,_49147_1,,,,,,,,,,
437289,2015.09.22 18:36,2015.09.22 18:36,en,BioA-S116-01,_49147_1,5,4,4,1,5,5,1,5,5,5
437307,2015.09.22 20:04,,en,BioA-S116-01,_92152_1,,,,,,,,,,
437315,2015.09.22 20:34,2015.09.22 20:35,en,BioA-S116-01,_92152_1,3,4,2,2,4,4,3,3,4,3
437320,2015.09.22 20:54,2015.09.22 20:55,en,FrScA-S116-01,_92143_1,4,3,3,2,4,3,2,4,3,3
437333,2015.09.22 21:48,2015.09.22 21:49,en,AnPhA-T116-01,_88995_1,4,4,3,1,4,4,1,4,4,4
437453,2015.09.23 7:32,2015.09.23 7:33,en,BioA-S116-01,_49147_1,5,5,5,1,5,5,1,5,5,5
437466,2015.09.23 8:25,2015.09.23 8:26,en,AnPhA-S116-02,_91771_1,5,4,5,1,5,4,2,5,4,5
437495,2015.09.23 10:15,2015.09.23 10:16,en,FrScA-S116-03,_90878_1,4,3,4,2,5,3,3,5,2,5
437498,2015.09.23 10:20,2015.09.23 10:21,en,BioA-S116-01,_49147_1,4,3,3,2,4,4,3,4,4,4
437546,2015.09.23 12:55,2015.09.23 12:56,en,BioA-S116-01,_49147_1,5,5,5,1,5,5,2,5,4,4
437553,2015.09.23 13:02,2015.09.23 13:03,en,AnPhA-S116-02,_91932_1,5,5,4,1,5,5,1,5,5,5
437558,2015.09.23 13:08,2015.09.23 13:10,en,OcnA-S116-02,_92021_1,5,4,4,1,5,5,1,5,5,5
437563,2015.09.23 13:19,2015.09.23 13:20,en,BioA-S116-01,_49147_1,3,4,2,3,3,4,2,4,4,4
437574,2015.09.23 13:43,,en,BioA-S116-01,_49147_1,,,,,,,,,,
437581,2015.09.23 14:08,2015.09.23 14:10,en,BioA-S116-01,_49147_1,3,4,2,2,3,4,,,,3
437584,2015.09.23 14:12,2015.09.23 14:13,en,PhysA-S116-01,_88381_1,4,3,3,2,4,4,3,4,3,3
437585,2015.09.23 14:14,2015.09.23 14:14,en,BioA-S116-01,_49147_1,5,5,5,1,5,5,1,5,5,5
437802,2015.09.24 7:47,2015.09.24 7:48,en,BioA-S116-01,_49147_1,4,4,3,2,4,4,3,4,4,4
437803,2015.09.24 7:49,2015.09.24 7:50,en,FrScA-S116-01,_88501_1,3,2,3,2,4,3,3,4,3,3
437813,2015.09.24 8:24,2015.09.24 8:25,en,FrScA-S116-01,_87489_1,3,1,3,2,3,2,3,3,2,3
437814,2015.09.24 8:22,2015.09.24 8:23,en,BioA-S116-01,_49147_1,5,4,4,2,4,4,1,4,4,4
437818,2015.09.24 8:37,,en,BioA-S116-01,_49147_1,,,,,,,,,,
437820,2015.09.24 8:43,2015.09.24 8:44,en,BioA-S116-01,_49147_1,5,5,5,1,4,4,1,5,4,4
437823,2015.09.24 8:53,,en,BioA-S116-01,_49147_1,,,,,,,,,,
437830,2015.09.24 9:18,2015.09.24 9:19,en,BioA-S116-01,_49147_1,5,4,5,1,5,5,1,5,4,5
437859,2015.09.24 10:43,2015.09.24 10:44,en,BioA-S116-01,_49147_1,4,2,2,3,4,3,2,4,2,2
437875,2015.09.24 11:38,2015.09.24 11:39,en,AnPhA-S116-02,_91319_1,4,5,3,2,4,4,2,4,4,4
437877,2015.09.24 11:40,2015.09.24 11:41,en,BioA-S116-01,_49147_1,4,3,2,2,4,3,2,5,3,4
437884,2015.09.24 12:08,2015.09.24 12:09,en,BioA-S116-01,_49147_1,4,3,2,2,4,3,2,4,4,4
437893,2015.09.24 12:37,2015.09.24 12:38,en,AnPhA-S116-02,_91320_1,4,4,3,3,3,4,3,3,3,3
437903,2015.09.24 12:59,2015.09.24 13:00,en,BioA-S116-01,_49147_1,4,4,3,1,4,4,2,4,4,4
437996,2015.09.24 19:19,2015.09.24 19:20,en,BioA-S116-01,_49147_1,5,5,5,1,5,5,1,5,4,5
438011,2015.09.24 20:21,2015.09.24 20:22,en,FrScA-S116-01,_91471_1,5,4,4,1,5,5,1,4,4,5
438024,2015.09.24 21:21,2015.09.24 21:21,en,BioA-S116-01,_49147_1,4,4,4,1,4,4,3,4,3,4
438158,2015.09.25 8:03,2015.09.25 8:04,en,BioA-S116-01,_49147_1,4,4,3,2,4,3,3,3,3,3
438159,2015.09.25 8:04,2015.09.25 8:06,en,BioA-S116-01,_49147_1,4,4,4,,2,4,2,4,3,4
438168,2015.09.25 8:31,2015.09.25 8:32,en,BioA-S116-01,_49147_1,5,5,3,1,5,5,3,5,5,5
438185,2015.09.25 9:28,2015.09.25 9:29,en,BioA-S116-01,_49147_1,5,4,5,1,5,5,2,5,3,4
438206,2015.09.25 11:43,2015.09.25 11:44,en,PhysA-S116-01,_89425_1,4,3,3,2,4,5,2,4,3,4
438214,2015.09.25 11:15,2015.09.25 11:17,en,PhysA-S116-01,_90333_1,5,4,5,1,4,4,1,4,4,5
438242,2015.09.25 13:13,2015.09.25 13:14,en,BioA-S116-01,_49147_1,4,5,3,2,4,5,2,4,3,4
438330,2015.09.25 19:39,2015.09.25 19:40,en,AnPhA-S116-01,_89142_1,5,4,4,1,5,5,3,5,4,5
438332,2015.09.25 19:42,,en,BioA-S116-01,_49147_1,,,,,,,,,,
438871,2015.09.27 15:40,2015.09.27 15:41,en,AnPhA-S116-02,_79220_1,4,4,3,2,4,4,3,4,4,4
438884,2015.09.27 16:39,2015.09.27 16:40,en,AnPhA-S116-02,_91175_1,5,4,4,1,4,4,1,4,4,5
438889,2015.09.27 16:59,2015.09.27 17:00,en,BioA-S116-01,_49147_1,5,5,4,2,5,5,1,5,4,5
438902,2015.09.27 17:59,2015.09.27 17:59,en,AnPhA-S116-02,_90956_1,5,5,5,1,5,5,2,5,5,5
439102,2015.09.28 9:49,2015.09.28 9:49,en,BioA-S116-01,_49147_1,5,5,3,1,5,5,2,5,5,5
439108,2015.09.28 10:00,,en,BioA-S116-01,_49147_1,,,,,,,,,,
439113,2015.09.28 10:21,2015.09.28 10:22,en,PhysA-S116-01,_57489_1,5,4,5,1,4,4,2,4,3,5
439115,2015.09.28 10:25,2015.09.28 10:26,en,BioA-S116-01,_49147_1,4,4,3,2,4,4,2,4,4,4
439149,2015.09.28 12:45,2015.09.28 12:46,en,PhysA-S116-01,_89490_1,4,3,3,2,4,4,3,3,3,4
439163,2015.09.28 13:44,2015.09.28 13:46,en,OcnA-S116-02,_85487_1,3,5,2,2,4,5,2,4,3,2
439175,2015.09.28 17:44,2015.09.28 17:45,en,BioA-S116-01,_49147_1,5,5,4,1,5,5,2,5,4,5
439182,2015.09.28 15:05,2015.09.28 15:06,en,BioA-S116-01,_49147_1,5,5,3,1,5,5,1,5,5,5
439199,2015.09.28 16:12,,en,BioA-S116-01,_91066_1,,,,,,,,,,
439203,2015.09.28 16:26,2015.09.28 16:27,en,FrScA-S116-01,_89128_1,5,5,3,2,4,5,1,5,4,5
439264,2015.09.28 20:51,,en,FrScA-S116-01,_91471_1,,,,,,,,,,
439271,2015.09.28 21:23,2015.09.28 21:24,en,BioA-S116-01,_49147_1,3,2,3,3,4,4,2,3,2,3
439409,2015.09.29 8:36,2015.09.29 8:36,en,BioA-S116-01,_49147_1,4,5,3,2,4,5,3,4,3,4
439459,2015.09.29 12:19,2015.09.29 12:20,en,BioA-S116-01,_49147_1,4,4,3,2,4,5,3,5,3,4
439724,2015.09.30 9:25,2015.09.30 9:26,en,FrScA-S116-03,_85701_1,4,4,3,2,3,4,2,4,4,5
439765,2015.09.30 11:20,2015.09.30 11:22,en,AnPhA-S116-02,_90396_1,4,3,2,1,4,4,2,4,3,4
439801,2015.09.30 13:12,2015.09.30 13:12,en,BioA-S116-01,_49147_1,,,,,,,,,,
439805,2015.09.30 13:23,2015.09.30 13:24,en,BioA-S116-01,_49147_1,5,5,3,1,4,4,5,5,4,5
439828,2015.09.30 14:26,2015.09.30 14:26,en,BioA-S116-01,_49147_1,5,5,5,1,5,5,1,5,5,5
440009,2015.09.30 22:11,2015.09.30 22:12,en,BioA-S116-01,_49147_1,4,3,3,1,5,3,1,5,3,4
440010,2015.09.30 22:11,2015.09.30 22:12,en,PhysA-S116-01,_76133_1,4,4,2,3,3,3,3,3,2,3
440142,2015.10.01 8:44,2015.10.01 8:44,en,AnPhA-S116-02,_91709_1,4,4,3,1,4,4,2,4,3,4
440144,2015.10.01 8:47,,en,FrScA-S116-01,_92214_1,,,,,,,,,,
440166,2015.10.01 10:06,2015.10.01 10:06,en,BioA-S116-01,_86202_1,3,3,3,3,3,3,3,3,3,3
440223,2015.10.01 13:46,,en,FrScA-S116-01,_86455_1,,,,,,,,,,
440224,2015.10.01 13:46,2015.10.01 13:49,en,FrScA-S116-01,_86455_1,5,2,3,1,5,4,3,5,2,5
440257,2015.10.01 15:48,2015.10.01 15:49,en,BioA-S116-01,_49147_1,4,5,3,2,4,4,2,4,4,4
440272,2015.10.01 16:55,,en,AnPhA-S116-02,_90995_1,,,,,,,,,,
440336,2015.10.01 22:07,2015.10.01 22:08,en,BioA-S116-01,_49147_1,5,5,5,1,4,4,2,5,4,5
440357,2015.10.01 23:48,2015.10.01 23:50,en,BioA-S116-01,_49147_1,3,4,5,2,4,5,2,5,5,5
440473,2015.10.02 8:17,2015.10.02 8:17,en,BioA-S116-01,_49147_1,4,4,4,2,4,4,2,4,4,4
440492,2015.10.02 9:37,,en,PhysA-S116-01,_89295_1,,,,,,,,,,
440547,2015.10.02 12:57,,en,FrScA-S116-01,_87484_1,,,,,,,,,,
440558,2015.10.02 13:36,2015.10.02 13:36,en,AnPhA-S116-02,_57188_1,5,5,3,1,4,5,1,5,5,3
440586,2015.10.02 14:40,2015.10.02 14:41,en,BioA-S116-01,_49147_1,5,1,3,2,4,3,2,4,1,2
440619,2015.10.02 16:59,2015.10.02 17:00,en,PhysA-S116-01,_88091_1,5,5,4,2,4,4,3,5,3,3
440846,2015.10.03 11:22,2015.10.03 11:24,en,AnPhA-S116-02,_92185_1,5,5,4,1,5,5,2,5,4,4
440890,2015.10.03 14:46,,en,BioA-S116-01,_49147_1,,,,,,,,,,
440931,2015.10.03 17:57,,en,PhysA-S116-01,_74551_1,,,,,,,,,,
440932,2015.10.03 17:57,2015.10.03 17:58,en,PhysA-S116-01,_74551_1,4,4,3,2,4,4,2,4,2,3
440933,2015.10.03 18:00,2015.10.03 18:01,en,BioA-S116-01,_49147_1,4,2,3,2,4,3,2,4,3,4
441293,2015.10.04 22:55,2015.10.04 22:56,en,BioA-S116-01,_49147_1,5,4,3,2,4,4,2,4,4,5
441445,2015.10.05 10:19,2015.10.05 10:20,en,BioA-S116-01,_49147_1,4,4,2,2,2,4,3,4,4,2
441458,2015.10.05 11:06,2015.10.05 11:13,en,PhysA-S116-01,_55140_1,5,4,4,1,5,4,1,5,4,5
441460,2015.10.05 11:11,2015.10.05 11:12,en,FrScA-S116-03,_88409_1,5,5,5,1,5,,1,5,4,5
441478,2015.10.05 12:18,2015.10.05 12:19,en,AnPhA-S116-02,_70192_1,5,4,4,1,4,5,2,5,4,5
441826,2015.10.06 14:46,2015.10.06 14:46,en,BioA-S116-01,_49147_1,4,4,4,2,4,4,1,4,4,5
442118,2015.10.07 12:42,2015.10.07 12:43,en,AnPhA-S116-02,_86314_1,4,5,4,1,4,5,1,4,5,4
442147,2015.10.07 14:51,2015.10.07 14:52,en,FrScA-S116-01,_55283_1,5,3,4,1,5,5,3,5,3,5
442370,2015.10.08 8:43,2015.10.08 8:44,en,FrScA-S116-01,_87489_1,4,2,3,2,4,3,3,4,3,4
442407,2015.10.08 10:42,2015.10.08 10:43,en,BioA-S116-01,_49147_1,4,3,3,2,4,4,3,4,3,3
442410,2015.10.08 10:55,2015.10.08 10:56,en,BioA-S116-01,_49147_1,5,4,3,2,5,5,3,4,3,4
442435,2015.10.08 12:41,2015.10.08 12:42,en,FrScA-S116-01,_85651_1,5,3,2,3,3,3,2,3,3,2
442442,2015.10.08 13:13,2015.10.08 13:14,en,BioA-S116-01,_90253_1,4,2,2,2,,3,1,4,5,4
442443,2015.10.08 13:16,2015.10.08 13:17,en,AnPhA-S116-02,_91619_1,4,4,4,2,4,4,2,4,4,4
442445,2015.10.08 13:20,,en,FrScA-S116-01,_86794_1,,,,,,,,,,
442461,2015.10.08 14:21,2015.10.08 14:22,en,FrScA-S116-03,_86882_1,5,3,5,1,5,4,1,5,3,4
442479,2015.10.08 15:41,2015.10.08 15:42,en,AnPhA-S116-02,_56152_1,5,5,3,2,5,5,1,5,3,5
442510,2015.10.08 17:56,2015.10.08 17:57,en,FrScA-S116-01,_87485_1,4,2,2,3,3,3,3,3,3,4
442697,2015.10.09 8:45,2015.10.09 8:47,en,AnPhA-S116-02,_91574_1,4,3,2,2,4,4,2,4,4,4
442797,2015.10.09 14:51,2015.10.09 14:52,en,BioA-S116-01,_92510_1,5,5,5,1,5,5,1,5,5,5
443493,2015.10.11 23:20,2015.10.11 23:21,en,PhysA-S116-01,_92741_1,4,4,4,2,4,4,1,4,4,4
443597,2015.10.12 7:44,2015.10.12 7:44,en,BioA-S116-01,_49147_1,5,5,4,1,5,5,1,5,5,5
443624,2015.10.12 9:38,2015.10.12 9:39,en,BioA-S116-01,_86130_1,4,4,3,2,4,4,3,4,3,3
443688,2015.10.12 14:00,2015.10.12 14:01,en,FrScA-S116-03,_70068_1,4,3,2,1,5,3,2,5,2,5
443997,2015.10.13 13:43,2015.10.13 13:43,en,FrScA-S116-01,_87914_1,4,4,2,2,4,4,2,4,4,4
444239,2015.10.14 8:30,,en,BioA-S116-01,_49147_1,,,,,,,,,,
444331,2015.10.14 14:03,2015.10.14 14:04,en,PhysA-S116-01,_92740_1,4,4,3,3,4,4,2,4,3,4
444420,2015.10.14 20:43,,en,@X@course.course_id@X@,@X@user.user_id@X@,,,,,,,,,,
444648,2015.10.15 13:15,2015.10.15 13:20,en,FrScA-S116-03,_92604_1,4,3,2,4,4,4,3,4,2,2
444675,2015.10.15 15:17,,en,@X@course.course_id@X@,@X@user.user_id@X@,,,,,,,,,,
444752,2015.10.15 21:24,,en,BioA-S116-01,_90995_1,,,,,,,,,,
444891,2015.10.16 8:51,,en,BioA-S116-01,_49147_1,,,,,,,,,,
444975,2015.10.16 12:23,,en,FrScA-S116-03,_92604_1,,,,,,,,,,
445417,2015.10.17 23:09,2015.10.17 23:11,en,PhysA-S116-01,_92725_1,4,2,3,2,4,4,2,4,4,4
445602,2015.10.18 14:21,2015.10.18 14:23,en,PhysA-S116-01,_92724_1,5,4,4,2,4,5,2,4,3,4
445637,2015.10.18 17:07,2015.10.18 17:09,en,PhysA-S116-01,_92733_1,4,3,3,1,4,5,3,4,3,4
445924,2015.10.19 15:13,2015.10.19 15:14,en,PhysA-S116-01,_87171_1,4,5,4,1,4,4,2,5,4,5
445963,2015.10.19 18:11,2015.10.19 18:13,en,PhysA-S116-01,_85522_1,4,4,2,3,4,3,2,4,4,2
445979,2015.10.19 19:28,2015.10.19 19:29,en,PhysA-S116-01,_92743_1,5,4,3,2,4,4,2,4,3,5
446155,2015.10.20 9:25,2015.10.20 9:26,en,BioA-S116-01,_49147_1,4,5,4,1,4,4,2,5,5,4
446182,2015.10.20 11:35,2015.10.20 11:36,en,PhysA-S116-01,_92511_1,3,4,2,2,2,5,2,2,2,2
446317,2015.10.20 20:27,,en,PhysA-S116-01,_79128_1,,,,,,,,,,
446320,2015.10.20 20:33,2015.10.20 20:34,en,FrScA-S116-01,_89128_1,4,4,3,1,4,4,2,4,4,4
446363,2015.10.20 23:49,2015.10.20 23:50,en,PhysA-S116-01,_92727_1,4,4,5,2,4,4,2,4,4,4
446538,2015.10.21 13:07,2015.10.21 13:07,en,FrScA-S116-01,_90433_1,5,4,4,1,5,5,1,5,5,5
446558,2015.10.21 14:31,2015.10.21 14:32,en,PhysA-S116-01,_92729_1,4,4,2,2,4,4,3,4,4,3
446576,2015.10.21 15:46,2015.10.21 15:47,en,AnPhA-S116-02,_91574_1,3,3,2,3,3,3,3,3,3,3
446921,2015.10.22 18:40,2015.10.22 18:41,en,BioA-S116-01,_49147_1,4,3,2,2,4,5,1,4,4,4
447477,2015.10.24 15:29,2015.10.24 15:30,en,PhysA-S116-01,_92726_1,2,3,2,4,3,5,3,2,3,3
447741,2015.10.25 13:06,2015.10.25 13:07,en,PhysA-S116-01,_92729_1,,,,,,,,,,
448098,2015.10.26 14:12,2015.10.26 14:12,en,PhysA-S116-01,_79352_1,4,5,3,2,4,4,2,4,3,3
448179,2015.10.26 20:24,2015.10.26 20:25,en,BioA-S116-01,_92606_1,4,3,3,3,3,3,4,3,3,3
448406,2015.10.27 12:53,2015.10.27 12:54,en,BioA-S116-01,_49147_1,1,1,1,5,1,1,5,1,1,1
449206,2015.10.29 14:00,2015.10.29 14:01,en,PhysA-S116-01,_92732_1,3,3,3,2,4,4,3,4,3,3
449301,2015.10.29 21:33,2015.10.29 21:34,en,OcnA-T116-01,_87955_1,5,4,5,1,4,4,3,5,3,5
452990,2015.11.10 12:02,2015.11.10 12:03,en,BioA-S116-01,_92633_1,4,4,4,2,4,4,2,4,4,4
453382,2015.11.11 16:29,,en,FrScA-S116-03,_90855_1,,,,,,,,,,
453676,2015.11.12 14:34,2015.11.12 14:35,en,AnPhA-S116-01,_86119_1,5,5,4,4,4,5,1,5,4,4
455277,2015.11.17 15:12,2015.11.17 15:13,en,BioA-S116-01,_49147_1,4,2,2,2,4,2,2,4,2,4
457331,2015.11.23 14:24,2015.11.23 14:25,en,PhysA-S116-01,_91038_1,3,4,2,3,3,4,4,4,2,3
458581,2015.11.27 18:21,2015.11.27 18:21,en,BioA-S116-01,_49147_1,4,3,2,2,3,3,3,4,3,3
459800,2015.12.01 13:54,2015.12.01 13:55,en,AnPhA-S116-02,_91574_1,4,4,4,2,4,4,2,4,4,4
459886,2015.12.01 19:59,2015.12.01 20:00,en,BioA-S116-01,_49147_1,4,4,2,2,3,4,2,4,4,3
463220,2015.12.11 10:57,2015.12.11 10:59,en,FrScA-S116-01,_86105_1,4,3,3,4,3,4,1,4,2,3
468356,2015.12.27 19:54,2015.12.27 19:55,en,BioA-S116-01,_86130_1,4,3,3,2,4,4,2,4,4,3
469673,2016.01.01 2:44,,en,PhysA-S116-01,_87171_1,,,,,,,,,,
471875,2016.01.07 8:11,2016.01.07 8:12,en,BioA-S116-01,_49147_1,4,3,3,1,4,4,3,4,3,4
473647,2016.01.12 11:14,2016.01.12 11:14,en,BioA-S116-01,_88568_1,1,1,1,1,1,1,1,1,1,1
478669,2016.01.23 14:01,2016.01.23 14:02,en,BioA-S216-01,_93993_1,4,4,4,1,4,5,2,4,4,4
479110,2016.01.24 18:24,,en,FrScA-S216-01,_66689_1,,,,,,,,,,
479308,2016.01.25 7:28,2016.01.25 7:29,en,AnPhA-S216-01,_76840_1,4,4,3,2,4,4,2,4,4,4
479345,2016.01.25 8:56,2016.01.25 8:57,en,FrScA-S216-01,_94370_1,4,4,5,2,4,4,3,4,4,4
479350,2016.01.25 9:04,2016.01.25 9:04,en,FrScA-S216-01,_66689_1,4,3,3,1,5,4,2,4,3,4
479351,2016.01.25 9:04,2016.01.25 9:05,en,FrScA-S216-01,_71415_1,5,4,5,2,5,4,2,5,3,5
479355,2016.01.25 9:07,,en,FrScA-S216-01,_87861_1,,,,,,,,,,
479358,2016.01.25 9:08,2016.01.25 9:09,en,OcnA-S216-01,_86296_1,4,3,2,2,4,3,2,4,3,2
479359,2016.01.25 9:10,,en,FrScA-S216-01,_94404_1,,,,,,,,,,
479361,2016.01.25 9:11,2016.01.25 9:11,en,AnPhA-S216-01,_76674_1,5,5,4,1,4,5,2,5,5,5
479363,2016.01.25 9:12,2016.01.25 9:13,en,FrScA-S216-01,_95165_1,4,2,3,2,4,2,2,4,2,4
479366,2016.01.25 9:16,2016.01.25 9:19,en,AnPhA-S216-01,_69743_1,4,5,3,1,4,4,1,4,5,4
479367,2016.01.25 9:16,2016.01.25 9:17,en,FrScA-S216-01,_94288_1,5,3,4,1,5,4,2,4,4,4
479370,2016.01.25 9:24,2016.01.25 9:25,en,FrScA-S216-01,_94404_1,4,2,3,2,4,3,2,4,2,4
479373,2016.01.25 9:25,2016.01.25 9:26,en,FrScA-S216-01,_94156_1,4,3,3,2,3,3,3,4,3,4
479375,2016.01.25 9:30,2016.01.25 9:31,en,AnPhA-S216-01,_95114_1,5,5,3,1,5,5,3,5,4,5
479376,2016.01.25 9:30,2016.01.25 9:31,en,AnPhA-S216-02,_94542_1,5,5,3,1,5,5,2,5,3,4
479377,2016.01.25 9:31,2016.01.25 9:32,en,AnPhA-S216-02,_94219_1,4,4,3,1,4,5,2,5,4,5
479380,2016.01.25 9:37,2016.01.25 9:38,en,FrScA-S216-01,_94257_1,5,4,3,1,5,4,1,5,3,5
479382,2016.01.25 9:40,2016.01.25 9:41,en,FrScA-S216-01,_69182_1,4,3,2,2,4,4,2,4,3,3
479386,2016.01.25 9:49,2016.01.25 9:51,en,FrScA-S216-01,_95045_1,3,2,1,4,3,2,3,4,1,1
479389,2016.01.25 9:51,2016.01.25 9:52,en,FrScA-S216-01,_94070_1,5,4,3,2,4,4,2,4,4,5
479390,2016.01.25 9:53,2016.01.25 9:54,en,PhysA-S216-01,_94970_1,4,4,3,2,4,4,2,4,3,4
479393,2016.01.25 10:00,2016.01.25 10:01,en,FrScA-S216-01,_88854_1,4,3,2,2,4,3,3,4,2,3
479395,2016.01.25 10:01,2016.01.25 10:03,en,FrScA-S216-01,_67463_1,3,4,3,2,3,4,3,3,4,3
479398,2016.01.25 10:02,2016.01.25 10:03,en,OcnA-S216-01,_94590_1,3,2,4,3,4,2,4,3,2,2
479405,2016.01.25 10:10,2016.01.25 10:10,en,AnPhA-S216-01,_94846_1,5,5,3,1,5,5,2,5,5,5
479409,2016.01.25 10:17,2016.01.25 10:18,en,AnPhA-S216-02,_95264_1,4,3,2,2,4,5,3,4,3,3
479410,2016.01.25 10:18,2016.01.25 10:23,en,AnPhA-S216-01,_76673_1,4,4,4,2,4,4,3,4,4,4
479411,2016.01.25 10:19,2016.01.25 10:20,en,FrScA-S216-01,_85287_1,4,3,4,2,5,4,2,5,4,5
479413,2016.01.25 10:23,2016.01.25 10:23,en,FrScA-S216-01,_86490_1,5,4,3,1,4,5,2,4,4,4
479433,2016.01.25 10:49,,en,AnPhA-S216-02,_95264_1,,,,,,,,,,
479439,2016.01.25 10:58,2016.01.25 11:00,en,FrScA-S216-01,_89345_1,4,2,3,2,4,2,1,4,3,4
479448,2016.01.25 11:08,2016.01.25 11:09,en,AnPhA-S216-02,_94903_1,4,4,3,1,5,5,2,4,4,4
479457,2016.01.25 11:13,2016.01.25 11:15,en,OcnA-S216-02,_54567_1,4,4,3,2,4,4,2,4,3,4
479467,2016.01.25 11:24,2016.01.25 11:25,en,FrScA-S216-01,_77190_1,5,2,4,1,5,4,1,5,4,5
479468,2016.01.25 11:25,2016.01.25 11:25,en,FrScA-S216-01,_89333_1,4,4,3,,4,4,2,4,4,4
479478,2016.01.25 11:45,2016.01.25 11:46,en,FrScA-S216-01,_94824_1,5,4,3,1,5,3,2,5,3,4
479481,2016.01.25 11:52,2016.01.25 11:53,en,FrScA-S216-01,_86836_1,4,3,3,2,4,3,3,4,3,4
479486,2016.01.25 11:59,2016.01.25 12:01,en,AnPhA-S216-01,_67013_1,4,4,2,2,4,4,3,4,4,5
479495,2016.01.25 12:08,2016.01.25 12:08,en,AnPhA-S216-01,_86942_1,5,4,5,1,5,5,1,5,5,5
479514,2016.01.25 12:29,2016.01.25 12:30,en,AnPhA-S216-01,_88612_1,3,4,4,2,4,4,2,4,4,4
479524,2016.01.25 12:36,2016.01.25 12:37,en,FrScA-S216-01,_85659_1,4,3,2,2,4,4,3,4,3,3
479527,2016.01.25 12:41,2016.01.25 12:42,en,FrScA-S216-01,_65116_1,5,3,3,2,5,4,2,5,4,5
479528,2016.01.25 12:42,2016.01.25 12:43,en,FrScA-S216-01,_69397_1,4,4,3,1,4,4,1,5,3,4
479533,2016.01.25 12:46,2016.01.25 12:46,en,AnPhA-S216-01,_94805_1,5,4,3,1,5,5,2,5,4,5
479539,2016.01.25 12:51,2016.01.25 12:51,en,AnPhA-S216-02,_94545_1,,,,,,,,,,
479546,2016.01.25 12:56,,en,FrScA-S216-01,_55078_1,,,,,,,,,,
479547,2016.01.25 12:58,,en,AnPhA-S216-02,_95160_1,,,,,,,,,,
479560,2016.01.25 13:06,2016.01.25 13:07,en,OcnA-S216-02,_94556_1,3,2,3,3,3,3,3,3,3,3
479568,2016.01.25 13:19,2016.01.25 13:20,en,FrScA-S216-01,_94135_1,5,4,3,2,4,4,2,5,3,4
479575,2016.01.25 13:32,2016.01.25 13:33,en,AnPhA-S216-01,_95014_1,5,5,5,1,5,5,1,5,5,5
479577,2016.01.25 13:34,2016.01.25 13:36,en,FrScA-S216-01,_86515_1,5,4,3,1,5,5,1,5,3,5
479591,2016.01.25 13:58,2016.01.25 13:59,en,AnPhA-S216-02,_94550_1,5,5,3,1,5,5,1,5,5,5
479595,2016.01.25 14:04,2016.01.25 14:04,en,FrScA-S216-01,_85796_1,4,3,2,2,4,3,3,4,3,4
479602,2016.01.25 14:11,2016.01.25 14:12,en,OcnA-S216-02,_94240_1,5,4,4,1,5,4,1,5,5,5
479603,2016.01.25 14:13,2016.01.25 14:15,en,OcnA-S216-01,_94717_1,4,2,2,1,5,3,4,4,4,5
479604,2016.01.25 14:14,2016.01.25 14:15,en,OcnA-S216-02,_95624_1,4,2,3,2,4,3,2,4,4,4
479609,2016.01.25 14:26,2016.01.25 14:27,en,FrScA-S216-01,_68795_1,5,2,4,1,5,4,1,5,5,5
479612,2016.01.25 14:31,2016.01.25 14:31,en,PhysA-S216-01,_94189_1,3,3,3,3,4,4,3,3,3,3
479613,2016.01.25 14:32,2016.01.25 14:33,en,OcnA-S216-02,_94577_1,4,3,4,2,5,4,3,4,4,4
479618,2016.01.25 14:40,2016.01.25 14:40,en,FrScA-S216-01,_94370_1,4,5,4,2,4,4,3,4,4,4
479631,2016.01.25 15:04,2016.01.25 15:05,en,FrScA-S216-01,_94419_1,4,3,2,2,4,4,2,4,3,3
479643,2016.01.25 15:36,2016.01.25 15:37,en,FrScA-S216-01,_85642_1,2,2,2,3,4,4,3,3,4,4
479657,2016.01.25 16:00,2016.01.25 16:01,en,OcnA-S216-01,_94744_1,3,3,3,3,4,3,3,4,3,4
479658,2016.01.25 16:04,2016.01.25 16:05,en,FrScA-S216-02,_77980_1,4,4,4,2,5,4,2,5,5,4
479661,2016.01.25 16:08,2016.01.25 16:09,en,AnPhA-S216-01,_86268_1,5,5,4,1,5,5,2,5,5,5
479663,2016.01.25 16:12,2016.01.25 16:12,en,AnPhA-S216-02,_88979_1,5,5,5,1,5,5,1,5,5,5
479665,2016.01.25 16:15,2016.01.25 16:16,en,PhysA-S216-01,_94251_1,4,3,3,2,4,3,3,4,3,4
479694,2016.01.25 17:18,2016.01.25 17:19,en,FrScA-S216-01,_90989_1,5,3,3,1,4,4,2,5,2,5
479710,2016.01.25 17:43,2016.01.25 17:43,en,AnPhA-S216-01,_85248_1,4,4,3,2,4,4,2,5,4,4
479739,2016.01.25 18:45,2016.01.25 18:46,en,OcnA-S216-01,_86296_1,4,3,2,2,4,3,3,4,3,3
479748,2016.01.25 19:10,2016.01.25 19:11,en,FrScA-S216-01,_94402_1,4,3,2,1,4,5,1,5,3,4
479784,2016.01.25 20:55,2016.01.25 20:56,en,AnPhA-S216-01,_95283_1,5,3,4,1,5,4,2,5,4,5
479789,2016.01.25 21:14,2016.01.25 21:15,en,FrScA-S216-01,_85644_1,5,3,4,1,5,3,2,5,4,5
479797,2016.01.25 21:43,2016.01.25 21:44,en,AnPhA-S216-01,_58168_1,4,5,3,1,4,5,2,4,4,4
479805,2016.01.25 22:20,,en,FrScA-S216-01,_95621_1,,,,,,,,,,
479808,2016.01.25 22:38,2016.01.25 22:39,en,PhysA-S216-01,_95266_1,4,5,3,2,4,5,2,4,4,4
479923,2016.01.26 7:31,2016.01.26 7:32,en,FrScA-S216-01,_88845_1,5,3,3,1,4,4,2,5,4,5
479933,2016.01.26 7:53,,en,AnPhA-S216-01,_76840_1,,,,,,,,,,
479937,2016.01.26 7:57,2016.01.26 7:57,en,FrScA-S216-01,_94356_1,5,4,3,1,5,4,3,5,5,5
479946,2016.01.26 8:16,2016.01.26 8:19,en,OcnA-S216-01,_88474_1,4,3,3,2,3,3,3,5,3,5
479951,2016.01.26 8:27,2016.01.26 8:27,en,FrScA-S216-01,_94356_1,5,5,5,1,5,5,1,5,5,5
479952,2016.01.26 8:29,2016.01.26 8:30,en,FrScA-S216-01,_86349_1,5,5,5,1,5,5,2,5,5,5
479957,2016.01.26 8:36,2016.01.26 8:37,en,OcnA-S216-02,_91252_1,5,4,4,1,4,3,1,5,5,5
479977,2016.01.26 9:07,2016.01.26 9:07,en,FrScA-S216-01,_90029_1,5,4,3,2,5,4,2,5,3,5
479979,2016.01.26 9:10,2016.01.26 9:11,en,AnPhA-S216-02,_95017_1,5,3,4,1,5,4,2,5,4,5
479985,2016.01.26 9:22,2016.01.26 9:22,en,AnPhA-S216-02,_95377_1,5,5,5,1,5,5,1,5,5,5
479998,2016.01.26 9:46,2016.01.26 9:47,en,OcnA-S216-01,_87670_1,5,5,5,1,4,5,1,5,5,5
480009,2016.01.26 10:02,2016.01.26 10:03,en,AnPhA-S216-02,_94898_1,5,5,4,1,5,5,1,5,5,5
480010,2016.01.26 10:02,2016.01.26 10:03,en,FrScA-S216-01,_86229_1,5,3,4,1,5,3,1,5,4,5
480013,2016.01.26 10:08,2016.01.26 10:09,en,FrScA-S216-01,_95743_1,4,3,3,1,5,4,1,5,3,5
480025,2016.01.26 10:25,,en,BioA-S216-01,_95707_1,,,,,,,,,,
480033,2016.01.26 10:43,2016.01.26 10:44,en,OcnA-S216-02,_78241_1,4,4,3,1,5,4,2,4,3,5
480070,2016.01.26 12:28,2016.01.26 12:29,en,OcnA-S216-02,_95375_1,5,4,3,1,5,4,1,4,3,4
480075,2016.01.26 12:40,2016.01.26 12:41,en,OcnA-S216-02,_88642_1,4,2,3,2,4,3,3,4,3,3
480078,2016.01.26 12:44,,en,FrScA-S216-01,_95632_1,,,,,,,,,,
480081,2016.01.26 12:48,2016.01.26 12:48,en,@X@course.course_id@X@,_95632_1,4,4,3,1,4,4,1,4,4,4
480106,2016.01.26 13:44,2016.01.26 13:44,en,OcnA-S216-01,_95091_1,5,4,4,1,5,5,1,5,5,5
480116,2016.01.26 14:13,2016.01.26 14:13,en,FrScA-S216-03,_85348_1,4,2,3,1,4,4,1,5,3,4
480124,2016.01.26 14:29,2016.01.26 14:30,en,BioA-S216-01,_95658_1,4,3,2,3,3,3,2,4,4,4
480142,2016.01.26 15:42,2016.01.26 15:43,en,FrScA-S216-01,_95449_1,5,4,4,1,5,4,2,5,4,5
480166,2016.01.26 17:14,2016.01.26 17:15,en,AnPhA-S216-01,_67013_1,4,5,3,1,5,5,1,4,4,5
480173,2016.01.26 17:40,,en,OcnA-S216-01,_95091_1,,,,,,,,,,
480204,2016.01.26 19:25,2016.01.26 19:26,en,PhysA-S216-01,_78153_1,4,5,4,1,4,5,1,4,4,4
480235,2016.01.26 21:05,2016.01.26 21:05,en,AnPhA-S216-02,_91164_1,5,5,5,1,5,5,2,5,5,5
480374,2016.01.27 7:49,2016.01.27 7:50,en,FrScA-S216-01,_88596_1,5,4,3,1,4,4,3,4,3,4
480376,2016.01.27 7:51,2016.01.27 7:52,en,OcnA-S216-01,_94319_1,5,5,5,1,5,5,1,5,5,5
480378,2016.01.27 7:53,2016.01.27 7:53,en,FrScA-S216-01,_85258_1,4,3,3,2,4,4,3,4,4,4
480382,2016.01.27 8:04,2016.01.27 8:04,en,OcnA-S216-01,_47979_1,4,3,2,2,4,4,3,4,4,4
480386,2016.01.27 8:18,2016.01.27 8:19,en,FrScA-S216-02,_95476_1,5,5,4,1,5,5,1,5,5,5
480389,2016.01.27 8:26,2016.01.27 8:27,en,OcnA-S216-01,_95738_1,5,5,5,2,5,4,2,5,5,5
480391,2016.01.27 8:35,2016.01.27 8:36,en,FrScA-S216-01,_85123_1,4,4,3,2,4,5,1,4,4,4
480413,2016.01.27 9:23,2016.01.27 9:23,en,OcnA-S216-01,_86527_1,4,4,3,2,4,4,3,5,4,5
480419,2016.01.27 9:30,,en,PhysA-S216-01,_70187_1,,,,,,,,,,
480422,2016.01.27 9:44,2016.01.27 9:44,en,FrScA-S216-01,_90622_1,4,3,2,2,4,4,3,4,3,3
480423,2016.01.27 9:45,2016.01.27 9:46,en,OcnA-S216-01,_94323_1,4,4,4,1,4,4,2,4,3,5
480428,2016.01.27 10:04,2016.01.27 10:05,en,FrScA-S216-01,_90394_1,5,3,3,1,5,4,2,5,3,5
480435,2016.01.27 10:22,2016.01.27 10:23,en,FrScA-S216-02,_95923_1,5,4,3,2,4,4,3,4,2,4
480437,2016.01.27 10:27,2016.01.27 10:28,en,FrScA-S216-01,_95991_1,5,4,4,1,5,5,1,5,5,5
480438,2016.01.27 10:27,2016.01.27 10:28,en,FrScA-S216-03,_94369_1,4,2,3,2,4,4,2,4,4,4
480445,2016.01.27 10:51,2016.01.27 10:52,en,PhysA-S216-01,_94251_1,4,4,3,2,4,4,3,4,3,4
480452,2016.01.27 11:03,2016.01.27 11:04,en,AnPhA-S216-01,_91313_1,4,3,3,2,5,4,2,5,3,3
480459,2016.01.27 11:13,2016.01.27 11:14,en,BioA-S216-01,_95707_1,3,2,2,3,4,4,4,4,2,2
480467,2016.01.27 11:38,2016.01.27 11:40,en,FrScA-S216-02,_95925_1,5,4,3,1,5,3,3,5,4,5
480482,2016.01.27 12:28,2016.01.27 12:29,en,@X@course.course_id@X@,_94172_1,4,5,3,1,5,5,1,5,5,5
480488,2016.01.27 12:39,2016.01.27 12:40,en,FrScA-S216-01,_85583_1,4,4,3,1,4,4,3,4,4,4
480490,2016.01.27 12:44,2016.01.27 12:45,en,OcnA-S216-01,_80822_1,5,5,5,1,5,5,1,5,5,5
480496,2016.01.27 12:58,2016.01.27 12:59,en,AnPhA-S216-01,_95283_1,5,4,4,1,5,4,2,4,4,5
480498,2016.01.27 12:59,2016.01.27 13:00,en,FrScA-S216-01,_94376_1,4,2,3,2,4,4,2,5,2,3
480508,2016.01.27 13:24,2016.01.27 13:24,en,FrScA-S216-01,_55078_1,4,4,3,2,4,4,3,5,3,5
480509,2016.01.27 13:24,,en,FrScA-S216-01,_94332_1,,,,,,,,,,
480511,2016.01.27 13:26,,en,FrScA-S216-01,_78000_1,,,,,,,,,,
480514,2016.01.27 13:35,2016.01.27 13:36,en,OcnA-S216-02,_95868_1,4,3,3,2,4,4,3,4,4,4
480519,2016.01.27 13:40,2016.01.27 13:40,en,OcnA-S216-01,_95091_1,5,5,4,1,5,5,1,5,5,5
480531,2016.01.27 14:04,2016.01.27 14:05,en,AnPhA-S216-01,_76998_1,4,3,3,4,4,4,1,4,3,3
480536,2016.01.27 14:09,2016.01.27 14:10,en,FrScA-S216-01,_94661_1,5,3,5,1,5,5,1,5,3,5
480543,2016.01.27 14:25,2016.01.27 14:25,en,FrScA-S216-01,_90622_1,4,4,3,2,,4,2,4,4,4
480635,2016.01.27 20:26,2016.01.27 20:27,en,FrScA-S216-01,_94331_1,4,3,4,1,5,5,2,5,3,5
480779,2016.01.28 7:36,2016.01.28 7:37,en,OcnA-S216-01,_88504_1,4,3,4,2,4,3,2,4,3,3
480793,2016.01.28 8:21,2016.01.28 8:22,en,FrScA-S216-01,_94292_1,5,5,5,1,5,5,1,5,5,5
480806,2016.01.28 9:01,2016.01.28 9:01,en,FrScA-S216-01,_47448_1,5,3,3,2,4,3,3,4,3,4
480812,2016.01.28 9:18,,en,FrScA-S216-01,_89374_1,,,,,,,,,,
480817,2016.01.28 9:28,2016.01.28 9:29,en,PhysA-S216-01,_94970_1,4,4,3,1,4,5,3,4,3,4
480820,2016.01.28 9:35,2016.01.28 9:35,en,OcnA-S216-01,_86240_1,4,4,3,2,4,4,2,4,3,4
480839,2016.01.28 10:38,2016.01.28 10:39,en,OcnA-S216-02,_88803_1,3,3,3,2,4,3,3,4,2,3
480857,2016.01.28 11:41,2016.01.28 11:42,en,FrScA-S216-01,_94824_1,5,3,3,1,4,3,2,5,3,5
480860,2016.01.28 11:46,2016.01.28 11:48,en,OcnA-S216-02,_88864_1,4,3,3,1,4,4,3,4,3,4
480861,2016.01.28 11:47,2016.01.28 11:48,en,OcnA-S216-01,_95725_1,3,4,3,1,3,3,4,3,3,3
480863,2016.01.28 11:51,2016.01.28 11:52,en,FrScA-S216-02,_88048_1,4,2,3,3,4,3,3,4,3,3
480871,2016.01.28 12:24,2016.01.28 12:25,en,FrScA-S216-02,_96142_1,4,3,3,2,5,4,2,5,3,4
480882,2016.01.28 13:03,2016.01.28 13:04,en,OcnA-S216-01,_87825_1,5,4,4,1,4,3,1,5,4,4
480884,2016.01.28 13:04,2016.01.28 13:04,en,FrScA-S216-02,_96134_1,5,3,4,1,5,4,1,5,3,5
480885,2016.01.28 13:04,2016.01.28 13:05,en,FrScA-S216-01,_95989_1,4,4,3,2,4,5,2,4,4,4
480903,2016.01.28 13:45,2016.01.28 13:47,en,OcnA-S216-02,_95624_1,5,4,3,1,5,4,1,5,4,5
480909,2016.01.28 14:00,2016.01.28 14:01,en,PhysA-S216-01,_67102_1,3,4,5,1,4,5,1,4,2,3
480921,2016.01.28 14:25,2016.01.28 14:26,en,OcnA-S216-01,_94717_1,4,2,2,2,4,4,2,4,2,4
481170,2016.01.29 8:28,2016.01.29 8:28,en,PhysA-S216-01,_96472_1,4,4,3,2,4,4,4,4,3,5
481244,2016.01.29 12:21,2016.01.29 12:22,en,AnPhA-S216-01,_86942_1,5,5,5,1,5,5,1,5,5,5
481250,2016.01.29 12:37,2016.01.29 12:38,en,FrScA-S216-01,_95684_1,4,3,3,2,4,5,3,4,3,3
481269,2016.01.29 13:40,2016.01.29 13:41,en,FrScA-S216-01,_94332_1,4,2,3,2,4,2,3,4,2,4
481273,2016.01.29 13:52,,en,FrScA-S216-01,_95726_1,,,,,,,,,,
481283,2016.01.29 14:33,2016.01.29 14:34,en,OcnA-S216-02,_94577_1,3,2,3,3,4,4,2,3,4,2
481285,2016.01.29 14:38,2016.01.29 14:38,en,AnPhA-S216-02,_94550_1,5,5,5,1,5,5,1,5,5,5
481357,2016.01.29 19:19,2016.01.29 19:20,en,AnPhA-S216-02,_95919_1,5,5,4,1,5,5,2,5,5,5
481380,2016.01.29 20:57,2016.01.29 20:58,en,FrScA-S216-01,_94331_1,5,5,5,1,5,5,1,5,5,5
481542,2016.01.30 9:41,2016.01.30 9:42,en,OcnA-S216-02,_91163_1,4,4,3,3,4,4,3,4,3,3
481590,2016.01.30 13:17,2016.01.30 13:18,en,AnPhA-S216-01,_96228_1,4,4,3,2,4,4,4,5,4,4
481593,2016.01.30 13:28,2016.01.30 13:29,en,PhysA-S216-01,_70187_1,4,4,4,1,4,4,1,4,4,5
481596,2016.01.30 13:37,2016.01.30 13:37,en,FrScA-S216-02,_77067_1,4,3,4,2,3,3,1,3,3,4
481709,2016.01.30 22:44,2016.01.30 22:45,en,OcnA-S216-01,_94323_1,4,4,4,2,4,4,2,4,4,5
481722,2016.01.30 23:38,2016.01.30 23:38,en,FrScA-S216-01,_89333_1,5,5,3,1,5,5,1,5,5,5
482001,2016.01.31 20:52,2016.01.31 20:53,en,AnPhA-S216-01,_95601_1,5,5,4,1,4,5,1,5,5,4
482003,2016.01.31 20:58,2016.01.31 21:00,en,OcnA-S216-01,_95738_1,5,4,3,2,4,5,3,4,4,4
482145,2016.02.01 7:46,,en,FrScA-S216-01,_94869_1,,,,,,,,,,
482151,2016.02.01 8:03,2016.02.01 8:04,en,OcnA-S216-01,_96374_1,4,3,3,2,4,4,2,4,4,4
482173,2016.02.01 8:54,2016.02.01 8:55,en,OcnA-S216-02,_86697_1,5,4,4,1,4,4,2,4,4,5
482180,2016.02.01 9:00,2016.02.01 9:02,en,FrScA-S216-01,_87861_1,4,4,3,1,4,4,1,5,3,5
482190,2016.02.01 9:12,2016.02.01 9:12,en,FrScA-S216-02,_96414_1,5,3,3,1,5,4,2,4,3,5
482199,2016.02.01 9:24,2016.02.01 9:24,en,OcnA-S216-01,_86296_1,4,3,3,2,4,4,2,4,3,4
482203,2016.02.01 9:32,,en,FrScA-S216-03,_94369_1,,,,,,,,,,
482204,2016.02.01 9:32,2016.02.01 9:32,en,FrScA-S216-01,_94370_1,4,4,5,2,4,3,3,4,4,5
482208,2016.02.01 9:50,2016.02.01 9:51,en,AnPhA-S216-01,_95957_1,5,5,5,1,5,5,1,5,5,5
482213,2016.02.01 10:00,2016.02.01 10:01,en,FrScA-S216-01,_95633_1,4,3,2,2,4,4,2,4,3,4
482219,2016.02.01 10:22,2016.02.01 10:22,en,AnPhA-S216-01,_91313_1,4,4,3,2,4,5,1,4,3,3
482229,2016.02.01 10:42,2016.02.01 10:43,en,AnPhA-S216-01,_78164_1,4,3,3,2,5,5,1,5,4,5
482231,2016.02.01 10:47,,en,FrScA-S216-01,_95991_1,,,,,,,,,,
482233,2016.02.01 10:47,2016.02.01 10:50,en,FrScA-S216-01,_95991_1,5,5,4,1,5,5,1,5,5,5
482239,2016.02.01 11:09,2016.02.01 11:10,en,FrScA-S216-01,_95743_1,4,3,3,1,4,4,1,5,3,4
482258,2016.02.01 11:48,2016.02.01 11:49,en,OcnA-S216-02,_95921_1,4,4,3,2,5,4,1,5,4,5
482268,2016.02.01 12:24,2016.02.01 12:24,en,AnPhA-S216-02,_95041_1,5,5,3,1,5,5,2,5,5,5
482279,2016.02.01 12:46,2016.02.01 12:47,en,OcnA-S216-01,_94744_1,4,4,3,2,4,4,2,4,4,4
482288,2016.02.01 13:06,2016.02.01 13:07,en,FrScA-S216-01,_94400_1,4,3,2,3,4,2,3,4,4,4
482290,2016.02.01 13:11,2016.02.01 13:12,en,FrScA-S216-01,_65116_1,5,3,4,1,4,4,2,5,3,5
482291,2016.02.01 13:12,2016.02.01 13:13,en,FrScA-S216-01,_90277_1,5,3,4,2,4,3,3,4,3,5
482313,2016.02.01 14:07,2016.02.01 14:08,en,FrScA-S216-04,_96048_1,5,2,3,2,4,2,2,4,2,3
482315,2016.02.01 14:13,,en,AnPhA-S216-01,_76998_1,,,,,,,,,,
482323,2016.02.01 14:32,2016.02.01 14:33,en,FrScA-S216-01,_86490_1,4,3,3,2,4,3,2,4,3,4
482363,2016.02.01 17:10,2016.02.01 17:10,en,AnPhA-S216-02,_74552_1,4,4,3,2,4,5,2,4,4,4
482379,2016.02.01 18:09,2016.02.01 18:10,en,FrScA-S216-01,_95005_1,4,3,3,2,4,4,2,5,4,4
482556,2016.02.02 8:13,2016.02.02 8:14,en,FrScA-S216-01,_86251_1,5,3,2,1,4,3,2,4,2,4
482572,2016.02.02 8:47,,en,OcnA-S216-02,_88803_1,,,,,,,,,,
482573,2016.02.02 8:47,2016.02.02 8:47,en,PhysA-S216-01,_78153_1,4,5,4,1,4,5,2,4,4,4
482597,2016.02.02 9:50,2016.02.02 9:51,en,AnPhA-S216-01,_94872_1,5,5,5,1,5,5,1,5,5,5
482599,2016.02.02 9:53,2016.02.02 9:55,en,@X@course.course_id@X@,_96640_1,3,3,2,2,3,5,3,3,3,3
482613,2016.02.02 10:13,2016.02.02 10:14,en,FrScA-S216-01,_53475_1,5,4,4,1,5,3,2,5,3,4
482619,2016.02.02 10:26,2016.02.02 10:27,en,AnPhA-S216-01,_76674_1,5,5,5,2,5,5,2,5,5,5
482620,2016.02.02 10:27,,en,AnPhA-S216-02,_95264_1,,,,,,,,,,
482621,2016.02.02 10:29,2016.02.02 10:29,en,FrScA-S216-01,_95633_1,5,4,3,1,4,4,2,4,3,4
482626,2016.02.02 10:43,2016.02.02 10:44,en,FrScA-S216-01,_94172_1,4,4,3,1,4,4,1,4,4,4
482631,2016.02.02 10:52,2016.02.02 10:53,en,FrScA-S216-01,_95360_1,5,2,4,2,5,2,2,5,2,4
482639,2016.02.02 11:16,2016.02.02 11:17,en,AnPhA-S216-01,_96677_1,5,5,4,2,4,4,2,4,4,4
482642,2016.02.02 11:26,2016.02.02 11:27,en,FrScA-S216-02,_87988_1,5,4,4,1,5,5,1,5,4,5
482647,2016.02.02 11:46,,en,OcnA-S216-02,_88864_1,,,,,,,,,,
482667,2016.02.02 12:43,2016.02.02 12:43,en,FrScA-S216-01,_89465_1,3,3,2,3,3,4,3,3,3,3
482685,2016.02.02 13:11,2016.02.02 13:12,en,FrScA-S216-01,_95485_1,5,5,5,5,5,5,5,5,5,5
482693,2016.02.02 13:29,,en,FrScA-S216-01,_90277_1,,,,,,,,,,
482697,2016.02.02 13:44,2016.02.02 13:44,en,FrScA-S216-02,_43146_1,4,4,4,1,4,4,2,4,3,4
482700,2016.02.02 13:51,2016.02.02 13:52,en,AnPhA-S216-01,_71725_1,5,3,3,1,4,5,1,5,5,5
482701,2016.02.02 13:53,2016.02.02 13:55,en,OcnA-S216-01,_95504_1,5,5,4,1,5,5,1,5,5,5
482704,2016.02.02 14:04,2016.02.02 14:05,en,OcnA-S216-01,_96373_1,2,1,2,4,3,1,1,3,1,1
482712,2016.02.02 14:36,2016.02.02 14:37,en,FrScA-S216-01,_71110_1,5,5,4,1,5,5,1,5,4,5
482946,2016.02.03 8:07,2016.02.03 8:08,en,PhysA-S216-01,_95578_1,3,4,2,3,4,5,3,4,5,4
482956,2016.02.03 8:24,2016.02.03 8:25,en,PhysA-S216-01,_96590_1,3,2,2,4,2,2,4,2,2,2
482986,2016.02.03 9:53,2016.02.03 9:54,en,AnPhA-S216-01,_95957_1,5,5,5,1,5,5,1,5,5,5
483001,2016.02.03 10:21,2016.02.03 10:22,en,AnPhA-S216-02,_96826_1,4,4,3,2,4,4,2,4,4,4
483008,2016.02.03 10:51,2016.02.03 10:51,en,OcnA-S216-02,_94240_1,5,5,5,1,5,5,1,5,5,5
483012,2016.02.03 11:05,2016.02.03 11:06,en,FrScA-S216-01,_94402_1,4,4,3,2,4,4,2,4,4,4
483036,2016.02.03 12:23,2016.02.03 12:23,en,FrScA-S216-01,_95360_1,,,,,,,,,,
483041,2016.02.03 12:40,,en,OcnA-S216-02,_88642_1,,,,,,,,,,
483047,2016.02.03 12:55,2016.02.03 12:56,en,FrScA-S216-04,_88311_1,5,3,3,1,5,4,1,5,2,5
483052,2016.02.03 13:06,2016.02.03 13:07,en,OcnA-S216-01,_96689_1,4,4,3,2,4,3,1,5,2,5
483054,2016.02.03 13:11,2016.02.03 13:11,en,OcnA-S216-02,_94556_1,3,3,3,3,3,3,3,3,3,3
483061,2016.02.03 13:32,2016.02.03 13:34,en,AnPhA-S216-01,_95618_1,4,5,3,1,4,5,2,5,5,4
483079,2016.02.03 14:32,,en,AnPhA-S216-01,_94805_1,,,,,,,,,,
483080,2016.02.03 14:34,2016.02.03 14:34,en,FrScA-S216-02,_96134_1,5,4,5,1,5,5,1,5,4,5
483096,2016.02.03 15:36,2016.02.03 15:36,en,FrScA-S216-01,_94135_1,4,4,3,2,4,4,2,4,4,4
483394,2016.02.04 7:58,2016.02.04 7:58,en,FrScA-S216-02,_96769_1,5,5,5,2,5,5,2,5,5,5
483396,2016.02.04 8:04,2016.02.04 8:05,en,OcnA-S216-02,_78002_1,4,4,2,2,4,4,2,4,4,3
483417,2016.02.04 9:40,2016.02.04 9:41,en,FrScA-S216-01,_94156_1,4,3,3,2,4,3,2,4,3,4
483434,2016.02.04 10:52,2016.02.04 10:53,en,FrScA-S216-01,_88845_1,4,3,3,2,4,4,2,4,3,5
483465,2016.02.04 12:49,2016.02.04 12:50,en,AnPhA-S216-01,_96854_1,5,4,5,1,5,4,1,5,5,5
483467,2016.02.04 12:51,2016.02.04 12:52,en,AnPhA-S216-01,_96853_1,5,5,5,1,4,5,1,5,5,5
483468,2016.02.04 12:52,2016.02.04 12:53,en,FrScA-S216-02,_96189_1,5,3,2,1,5,4,3,4,3,5
483471,2016.02.04 12:59,2016.02.04 12:59,en,FrScA-S216-01,_95360_1,,,,,,,,,,
483501,2016.02.04 14:19,2016.02.04 14:20,en,FrScA-S216-04,_86002_1,4,4,3,1,4,4,2,4,4,5
483621,2016.02.04 23:21,2016.02.04 23:22,en,OcnA-S216-01,_96345_1,5,4,4,1,4,4,1,4,4,4
483733,2016.02.05 8:21,2016.02.05 8:22,en,OcnA-S216-01,_88474_1,4,3,2,2,4,4,2,4,3,4
483744,2016.02.05 9:11,2016.02.05 9:12,en,AnPhA-S216-02,_94898_1,5,5,4,1,5,5,2,5,4,5
483752,2016.02.05 9:36,2016.02.05 9:36,en,FrScA-S216-02,_89994_1,4,3,4,1,5,4,2,5,4,4
483753,2016.02.05 9:40,2016.02.05 9:41,en,OcnA-S216-01,_88849_1,4,3,3,2,4,5,3,5,4,4
483772,2016.02.05 10:20,2016.02.05 10:21,en,FrScA-S216-02,_95923_1,5,5,4,1,5,4,2,5,3,4
483780,2016.02.05 10:50,,en,AnPhA-S216-01,_76673_1,,,,,,,,,,
483790,2016.02.05 11:27,2016.02.05 11:28,en,FrScA-S216-01,_95726_1,5,3,3,2,4,3,2,4,3,4
483810,2016.02.05 12:45,2016.02.05 12:46,en,OcnA-S216-02,_95368_1,5,4,5,1,5,5,2,5,4,5
483817,2016.02.05 13:13,2016.02.05 13:13,en,AnPhA-S216-01,_96690_1,5,5,5,1,5,5,1,5,5,5
483820,2016.02.05 13:22,,en,FrScA-S216-01,_86515_1,,,,,,,,,,
483855,2016.02.05 15:56,2016.02.05 15:57,en,OcnA-S216-01,_68022_1,5,4,3,1,5,4,2,4,4,5
483940,2016.02.05 22:12,2016.02.05 22:13,en,FrScA-S216-02,_96433_1,4,3,3,2,4,3,3,4,3,4
484069,2016.02.06 8:41,2016.02.06 8:42,en,PhysA-S216-01,_96090_1,3,4,2,3,3,3,3,3,3,4
484431,2016.02.07 13:20,2016.02.07 13:22,en,OcnA-S216-01,_84932_1,5,4,4,1,5,5,1,5,5,5
484496,2016.02.07 17:57,2016.02.07 17:57,en,OcnA-S216-01,_62175_1,3,2,2,3,4,2,3,4,2,2
484710,2016.02.08 10:21,2016.02.08 10:22,en,FrScA-S216-01,_85287_1,5,4,5,1,4,4,2,4,3,5
484711,2016.02.08 10:23,,en,FrScA-S216-01,_88854_1,,,,,,,,,,
484730,2016.02.08 11:36,2016.02.08 11:37,en,OcnA-S216-01,_86455_1,5,3,4,1,5,4,2,5,3,5
484745,2016.02.08 12:38,2016.02.08 12:39,en,FrScA-S216-01,_69397_1,4,4,3,1,4,4,3,5,4,5
484747,2016.02.08 12:43,2016.02.08 12:43,en,AnPhA-S216-01,_88612_1,4,4,4,2,4,4,2,4,3,4
484749,2016.02.08 12:46,2016.02.08 12:46,en,OcnA-S216-01,_95533_1,2,2,,3,1,3,2,5,2,5
484753,2016.02.08 13:05,2016.02.08 13:05,en,AnPhA-S216-02,_95041_1,,,,,,,,,,
484757,2016.02.08 13:06,2016.02.08 13:07,en,AnPhA-S216-01,_95545_1,5,5,3,1,4,4,3,4,4,5
484760,2016.02.08 13:14,,en,FrScA-S216-01,_94661_1,,,,,,,,,,
484762,2016.02.08 13:16,2016.02.08 13:16,en,AnPhA-S216-01,_95014_1,5,5,5,5,5,5,1,5,5,5
484769,2016.02.08 13:36,2016.02.08 13:37,en,OcnA-S216-01,_95770_1,4,3,2,2,3,3,3,4,3,3
484796,2016.02.08 15:35,2016.02.08 15:36,en,FrScA-S216-02,_77141_1,5,4,3,2,4,4,2,4,4,4
484809,2016.02.08 16:32,,en,AnPhA-S216-01,_95601_1,,,,,,,,,,
484811,2016.02.08 16:40,2016.02.08 16:40,en,OcnA-S216-02,_95868_1,4,3,4,2,4,4,3,4,4,5
484837,2016.02.08 18:21,2016.02.08 18:22,en,FrScA-S216-01,_92124_1,4,2,3,1,4,3,2,4,3,4
484853,2016.02.08 19:40,2016.02.08 19:41,en,OcnA-S216-01,_97006_1,3,2,3,3,3,3,2,3,2,2
484867,2016.02.08 20:35,2016.02.08 20:36,en,AnPhA-S216-02,_96826_1,5,4,4,1,4,5,1,4,4,4
484883,2016.02.08 21:41,2016.02.08 21:42,en,FrScA-S216-02,_96280_1,4,3,3,2,4,4,3,4,4,5
485013,2016.02.09 8:10,2016.02.09 8:11,en,FrScA-S216-01,_94869_1,4,2,2,3,4,3,2,4,2,2
485032,2016.02.09 8:57,2016.02.09 8:58,en,@X@course.course_id@X@,_95377_1,5,5,5,1,5,5,1,5,5,5
485065,2016.02.09 10:47,2016.02.09 10:48,en,AnPhA-S216-01,_94246_1,4,4,4,2,4,5,2,4,3,4
485080,2016.02.09 11:43,2016.02.09 11:43,en,AnPhA-S216-01,_52326_1,4,4,4,4,4,4,4,4,4,4
485092,2016.02.09 12:30,2016.02.09 12:32,en,FrScA-S216-02,_96841_1,5,3,2,1,5,3,1,5,3,5
485099,2016.02.09 12:43,2016.02.09 12:44,en,OcnA-S216-01,_96121_1,4,3,4,2,4,4,3,4,4,5
485109,2016.02.09 13:17,2016.02.09 13:18,en,FrScA-S216-02,_96142_1,5,4,4,2,4,4,2,5,3,5
485112,2016.02.09 13:23,2016.02.09 13:23,en,OcnA-S216-01,_94956_1,5,4,3,1,5,4,1,5,3,4
485118,2016.02.09 13:38,,en,AnPhA-S216-01,_95601_1,,,,,,,,,,
485396,2016.02.10 10:18,2016.02.10 10:18,en,FrScA-S216-01,_86836_1,5,3,3,1,4,3,2,5,3,3
485428,2016.02.10 12:34,2016.02.10 12:35,en,OcnA-S216-01,_96756_1,3,3,2,2,4,4,2,4,4,4
485443,2016.02.10 13:12,2016.02.10 13:12,en,AnPhA-S216-01,_96854_1,5,5,3,1,5,5,4,5,5,5
485451,2016.02.10 13:43,2016.02.10 13:46,en,OcnA-S216-01,_96671_1,4,3,4,1,5,3,2,4,3,4
485472,2016.02.10 15:18,2016.02.10 15:19,en,,,5,5,5,1,5,5,1,5,5,5
485700,2016.02.11 7:52,2016.02.11 7:52,en,FrScA-S216-01,_68795_1,5,2,4,1,5,4,1,5,5,5
485712,2016.02.11 8:39,2016.02.11 8:40,en,FrScA-S216-01,_94756_1,4,3,2,1,4,3,2,4,3,4
485717,2016.02.11 8:43,,en,PhysA-S216-01,_95266_1,,,,,,,,,,
485742,2016.02.11 10:32,2016.02.11 10:32,en,PhysA-S216-01,_96808_1,3,3,3,4,4,4,3,,3,4
485798,2016.02.11 13:24,2016.02.11 13:25,en,FrScA-S216-01,_95896_1,4,2,1,2,4,3,2,4,3,4
486035,2016.02.12 7:50,2016.02.12 7:50,en,FrScA-S216-01,_94586_1,4,3,4,1,4,4,3,4,4,5
486070,2016.02.12 9:59,2016.02.12 9:59,en,AnPhA-S216-02,_95017_1,5,5,4,1,5,4,1,5,5,5
486123,2016.02.12 13:59,2016.02.12 14:00,en,AnPhA-S216-01,_95620_1,5,4,3,1,5,5,1,5,4,4
486124,2016.02.12 14:00,,en,AnPhA-S216-01,_95618_1,,,,,,,,,,
486381,2016.02.13 10:19,2016.02.13 10:20,en,PhysA-S216-01,_96867_1,4,4,3,3,4,5,2,4,2,3
486420,2016.02.13 13:14,2016.02.13 13:15,en,AnPhA-S216-01,_95634_1,4,4,3,,4,3,2,4,3,4
486761,2016.02.14 15:52,2016.02.14 15:52,en,OcnA-S216-01,_76443_1,4,4,3,3,3,4,4,4,4,4
486824,2016.02.14 20:51,2016.02.14 20:52,en,AnPhA-S216-01,_69743_1,4,4,3,1,4,4,1,4,4,4
487114,2016.02.15 19:27,2016.02.15 19:29,en,OcnA-S216-01,_94654_1,4,2,3,1,5,4,2,4,3,4
487161,2016.02.15 23:00,2016.02.15 23:01,en,AnPhA-S216-01,_96959_1,5,4,3,2,5,5,1,5,4,4
487179,2016.02.16 0:19,2016.02.16 0:20,en,FrScA-S216-02,_91943_1,5,5,5,1,5,4,2,5,5,5
487266,2016.02.16 7:22,2016.02.16 7:23,en,OcnA-S216-01,_96856_1,4,3,2,2,4,4,3,4,3,4
487273,2016.02.16 7:48,,en,PhysA-S216-01,_95578_1,,,,,,,,,,
487637,2016.02.17 10:22,2016.02.17 10:23,en,AnPhA-S216-01,_94846_1,5,5,4,1,5,5,2,5,5,5
487767,2016.02.17 14:22,2016.02.17 14:30,en,FrScA-S216-03,_51943_1,4,4,3,2,3,3,2,4,4,4
487809,2016.02.17 17:36,2016.02.17 17:37,en,FrScA-S216-01,_95449_1,4,4,4,1,4,4,2,4,4,4
488024,2016.02.18 10:41,2016.02.18 10:42,en,OcnA-S216-01,_94630_1,4,5,2,2,4,5,3,4,4,4
488050,2016.02.18 12:29,2016.02.18 12:31,en,FrScA-S216-02,_96841_1,4,3,3,1,3,3,5,4,2,5
488158,2016.02.18 20:17,2016.02.18 20:18,en,FrScA-S216-04,_85867_1,5,3,3,1,5,5,1,5,3,5
488321,2016.02.19 9:06,2016.02.19 9:08,en,FrScA-S216-01,_94404_1,4,2,2,2,3,3,2,4,1,3
488380,2016.02.19 13:20,,en,OcnA-S216-01,_96412_1,,,,,,,,,,
488501,2016.02.19 23:04,2016.02.19 23:04,en,AnPhA-S216-01,_95594_1,4,5,3,1,4,5,2,5,4,5
488724,2016.02.20 16:56,2016.02.20 16:56,en,OcnA-S216-01,_96856_1,3,3,3,3,3,3,3,3,3,3
488982,2016.02.21 13:53,2016.02.21 13:54,en,OcnA-S216-02,_94327_1,3,2,3,3,3,2,3,3,2,4
489010,2016.02.21 15:56,2016.02.21 15:57,en,FrScA-S216-01,_90636_1,4,4,3,2,3,4,2,4,3,4
489028,2016.02.21 17:04,2016.02.21 17:04,en,AnPhA-S216-01,_96853_1,5,5,5,1,5,5,1,5,5,5
489119,2016.02.21 23:55,2016.02.21 23:56,en,FrScA-S216-01,_91212_1,5,4,3,1,5,5,2,5,5,5
489226,2016.02.22 8:30,2016.02.22 8:31,en,PhysA-S216-01,_96590_1,4,4,3,3,4,4,4,3,4,3
489311,2016.02.22 13:22,2016.02.22 13:23,en,OcnA-S216-01,_90996_1,4,3,4,2,4,3,2,4,4,3
489589,2016.02.23 10:26,2016.02.23 10:27,en,FrScA-S216-02,_96082_1,4,4,3,2,4,4,2,3,3,3
489600,2016.02.23 11:18,2016.02.23 11:19,en,FrScA-S216-01,_87020_1,4,3,3,1,4,4,1,4,3,3
489602,2016.02.23 11:10,2016.02.23 11:11,en,AnPhA-S216-02,_96871_1,5,4,4,1,4,4,2,4,4,5
489624,2016.02.23 12:26,2016.02.23 12:27,en,BioA-S216-01,_97386_1,4,3,3,2,4,4,1,4,3,3
489894,2016.02.24 8:28,2016.02.24 8:29,en,BioA-S216-01,_96950_1,4,3,3,4,5,5,2,5,4,4
489971,2016.02.24 13:04,2016.02.24 13:05,en,PhysA-S216-01,_97150_1,4,3,1,1,4,4,3,4,3,3
489987,2016.02.24 13:56,2016.02.24 13:56,en,OcnA-S216-02,_94876_1,4,4,2,2,4,4,2,4,4,4
490973,2016.02.27 17:06,2016.02.27 17:06,en,AnPhA-S216-01,_96994_1,5,5,5,1,5,5,2,5,5,5
491004,2016.02.27 19:16,2016.02.27 19:27,en,FrScA-S216-03,_51943_1,4,2,3,2,4,3,2,3,3,4
491471,2016.02.29 8:23,2016.02.29 8:24,en,AnPhA-S216-01,_96720_1,4,4,2,2,2,4,2,4,5,4
491516,2016.02.29 11:15,2016.02.29 11:15,en,AnPhA-S216-01,_91326_1,5,5,5,1,5,5,5,3,3,5
491542,2016.02.29 12:51,2016.02.29 12:52,en,AnPhA-S216-01,_95915_1,4,3,2,2,3,3,2,4,3,4
491817,2016.03.01 9:02,2016.03.01 9:03,en,FrScA-S216-01,_71415_1,5,4,5,2,4,5,2,4,4,5
491879,2016.03.01 13:41,2016.03.01 13:42,en,FrScA-S216-01,_86515_1,5,3,3,1,5,5,3,5,5,5
492218,2016.03.02 14:50,2016.03.02 14:51,en,AnPhA-S216-02,_94903_1,4,5,3,2,4,4,2,5,5,5
492536,2016.03.03 10:56,2016.03.03 10:57,en,OcnA-S216-01,_97272_1,4,4,2,1,5,4,1,4,4,2
493592,2016.03.06 20:21,,en,FrScA-S216-04,_69544_1,,,,,,,,,,
494423,2016.03.09 9:06,2016.03.09 9:07,en,BioA-S216-01,_97374_1,2,3,2,2,2,3,3,2,2,2
494425,2016.03.09 9:07,,en,BioA-S216-01,_97374_1,,,,,,,,,,
495924,2016.03.13 20:43,2016.03.13 20:44,en,AnPhA-S216-01,_94691_1,4,4,2,2,4,4,2,4,4,4
496105,2016.03.14 10:22,2016.03.14 10:23,en,BioA-S216-01,_93993_1,5,5,4,1,4,4,2,4,4,4
496732,2016.03.16 9:37,2016.03.16 9:37,en,AnPhA-S216-02,_94542_1,5,5,3,1,5,5,3,5,5,5
497114,2016.03.17 9:32,2016.03.17 9:33,en,BioA-S216-01,_93993_1,4,3,2,2,4,4,2,4,4,4
498422,2016.03.21 12:23,2016.03.21 12:24,en,BioA-S216-01,_93993_1,5,4,3,1,4,5,1,5,4,5
498560,2016.03.21 21:57,,en,FrScA-S216-02,_91607_1,,,,,,,,,,
498571,2016.03.21 22:48,2016.03.21 22:49,en,FrScA-S216-02,_91607_1,4,4,4,2,5,5,2,4,4,5
499011,2016.03.23 8:20,2016.03.23 8:21,en,FrScA-S216-02,_95476_1,5,4,3,1,5,4,1,5,4,5
499070,2016.03.23 12:10,2016.03.23 12:11,en,AnPhA-S216-01,_96680_1,4,3,2,2,3,4,3,4,4,4
499207,2016.03.23 21:47,2016.03.23 21:48,en,FrScA-S216-02,_91550_1,4,3,2,2,3,5,4,4,4,4
500893,2016.03.29 11:50,2016.03.29 11:50,en,BioA-S216-01,_93993_1,4,4,3,4,3,4,2,4,4,3
501237,2016.03.30 13:56,2016.03.30 13:57,en,BioA-S216-01,_93993_1,3,3,2,2,3,3,4,4,3,5
501514,2016.03.31 11:22,2016.03.31 11:23,en,BioA-S216-01,_93993_1,4,4,4,3,4,4,2,4,4,4
503709,2016.04.07 9:25,2016.04.07 9:25,en,BioA-S216-01,_93993_1,5,5,5,1,5,5,1,5,5,5
504041,2016.04.08 9:03,2016.04.08 9:03,en,BioA-S216-01,_93993_1,4,4,3,2,4,4,2,4,4,5
506144,2016.04.15 0:30,2016.04.15 0:30,en,FrScA-S216-01,_94257_1,5,4,3,1,4,4,3,5,5,5
507375,2016.04.18 21:38,2016.04.18 21:39,en,AnPhA-S216-02,_74552_1,4,4,3,2,4,4,2,4,4,4
507499,2016.04.19 7:30,2016.04.19 7:31,en,BioA-S216-01,_93993_1,2,1,1,4,2,1,1,2,1,3
508226,2016.04.21 11:35,2016.04.21 11:36,en,FrScA-S216-02,_97441_1,5,4,3,1,4,4,3,3,,5
508415,2016.04.22 1:11,2016.04.22 1:12,en,BioA-S216-01,_93993_1,5,4,4,1,4,4,1,4,4,4
508704,2016.04.22 19:04,2016.04.22 19:05,en,BioA-S216-01,_93993_1,5,5,4,1,5,5,2,5,5,5
509855,2016.04.26 9:50,2016.04.26 9:50,en,BioA-S216-01,_93993_1,4,3,3,2,4,4,2,4,3,4
509933,2016.04.26 12:25,,en,BioA-S216-01,_92606_1,,,,,,,,,,
510068,2016.04.26 22:11,2016.04.26 22:12,en,FrScA-S216-02,_91410_1,4,3,1,3,3,4,2,4,3,3
511557,2016.05.01 11:43,2016.05.01 12:32,en,BioA-S216-01,_93993_1,2,2,4,4,2,1,2,2,1,3
511582,2016.05.01 13:35,2016.05.01 13:36,en,BioA-S216-01,_93993_1,4,4,2,3,3,3,4,2,1,1
511585,2016.05.01 13:45,2016.05.01 13:45,en,BioA-S216-01,_93993_1,4,4,4,2,4,4,2,4,4,4
511691,2016.05.01 21:12,2016.05.01 21:12,en,BioA-S216-01,_93993_1,4,4,3,2,4,4,2,4,4,4
511901,2016.05.02 12:05,2016.05.02 12:05,en,BioA-S216-01,_93993_1,3,3,3,3,3,3,3,3,3,3
511946,2016.05.02 15:02,2016.05.02 15:03,en,BioA-S216-01,_93993_1,2,2,3,4,3,3,1,2,2,4
511961,2016.05.02 16:11,2016.05.02 16:12,en,BioA-S216-01,_93993_1,3,2,2,4,3,2,2,3,2,3
512233,2016.05.03 12:37,2016.05.03 12:38,en,BioA-S216-01,_93993_1,4,4,3,2,4,3,3,4,2,3
512284,2016.05.03 16:01,2016.05.03 16:02,en,BioA-S216-01,_93993_1,4,3,2,4,4,2,1,4,4,5
512553,2016.05.04 10:49,2016.05.04 10:50,en,BioA-S216-01,_93993_1,4,4,2,2,4,4,3,4,3,5
512612,2016.05.04 13:17,2016.05.04 13:18,en,BioA-S216-01,_93993_1,5,4,5,1,5,5,1,5,3,5
512987,2016.05.05 8:21,2016.05.05 8:21,en,BioA-S216-01,_93993_1,5,4,3,1,5,4,2,5,4,5
513052,2016.05.05 12:09,2016.05.05 12:10,en,,,4,5,3,2,4,5,2,5,4,4
513066,2016.05.05 12:59,2016.05.05 12:59,en,BioA-S216-01,_93993_1,5,3,4,2,4,3,2,4,3,4
513343,2016.05.06 9:47,2016.05.06 9:48,en,BioA-S216-01,_93993_1,5,5,4,1,5,5,1,5,3,5
513391,2016.05.06 11:44,2016.05.06 11:45,en,BioA-S216-01,_93993_1,4,2,2,2,4,4,2,4,4,4
514048,2016.05.08 14:39,2016.05.08 14:40,en,BioA-S216-01,_93993_1,4,4,3,1,4,4,1,4,4,4
514372,2016.05.09 12:07,2016.05.09 12:09,en,BioA-S216-01,_93993_1,4,4,3,1,4,4,2,4,4,4
514392,2016.05.09 12:51,2016.05.09 12:52,en,BioA-S216-01,_93993_1,4,3,2,2,4,3,1,4,4,4
514708,2016.05.10 9:43,2016.05.10 9:43,en,BioA-S216-01,_93993_1,4,4,4,1,,4,1,4,4,4
515454,2016.05.12 12:45,2016.05.12 12:46,en,BioA-S216-01,_93993_1,4,2,2,3,3,2,2,4,2,5
515463,2016.05.12 13:14,2016.05.12 13:14,en,BioA-S216-01,_93993_1,5,4,3,1,5,5,3,5,5,5
515474,2016.05.12 13:35,2016.05.12 13:36,en,BioA-S216-01,_93993_1,5,5,3,5,1,5,1,5,5,5
515484,2016.05.12 14:05,2016.05.12 14:06,en,BioA-S216-01,_93993_1,5,3,2,3,4,2,2,4,2,2
515566,2016.05.12 19:58,2016.05.12 19:58,en,BioA-S216-01,_93993_1,5,5,5,2,5,5,1,5,5,5
516486,2016.05.15 16:58,2016.05.15 16:58,en,BioA-S216-01,_93993_1,4,3,3,2,4,4,3,5,4,3
516746,2016.05.16 10:17,2016.05.16 10:18,en,BioA-S216-01,_93993_1,5,2,4,5,5,2,3,5,2,5
516798,2016.05.16 12:54,2016.05.16 12:55,en,PhysA-S216-01,_96027_1,4,4,3,2,4,4,2,4,5,3
516826,2016.05.16 14:02,2016.05.16 14:03,en,BioA-S216-01,_93993_1,3,2,4,3,3,2,2,3,2,3
516962,2016.05.16 21:39,2016.05.16 21:40,en,BioA-S216-01,_93993_1,4,4,3,1,4,4,2,5,4,5
517143,2016.05.17 10:04,2016.05.17 10:05,en,BioA-S216-01,_93993_1,5,3,2,1,4,3,2,5,3,5
517146,2016.05.17 10:05,2016.05.17 10:06,en,BioA-S216-01,_93993_1,4,4,4,2,4,4,2,4,2,4
517210,2016.05.17 13:15,2016.05.17 13:16,en,BioA-S216-01,_93993_1,5,3,3,1,4,4,2,5,2,5
517211,2016.05.17 13:16,2016.05.17 13:17,en,BioA-S216-01,_93993_1,5,3,4,2,4,3,3,5,3,5
517293,2016.05.17 16:49,2016.05.17 16:51,en,BioA-S216-01,_93993_1,4,3,2,4,2,2,3,2,2,2
517370,2016.05.17 21:57,2016.05.17 21:58,en,BioA-S216-01,_93993_1,4,3,1,,3,3,5,4,1,3
517522,2016.05.18 8:31,2016.05.18 8:33,en,BioA-S216-01,_93993_1,4,3,3,2,3,3,2,4,2,5
517583,2016.05.18 11:16,2016.05.18 11:16,en,BioA-S216-01,_93993_1,3,2,2,2,4,3,2,4,3,2
517682,2016.05.18 16:07,2016.05.18 16:07,en,BioA-S216-01,_93993_1,4,4,4,1,4,3,4,4,4,4
517929,2016.05.19 9:30,2016.05.19 9:32,en,BioA-S216-01,_93993_1,4,3,3,2,4,4,2,4,3,4
517967,2016.05.19 10:56,2016.05.19 10:56,en,BioA-S216-01,_93993_1,5,5,5,5,5,5,1,5,5,5
518009,2016.05.19 13:02,2016.05.19 13:03,en,BioA-S216-01,_93993_1,5,3,3,1,4,5,1,5,4,4
518018,2016.05.19 13:20,2016.05.19 13:20,en,BioA-S216-01,_93993_1,2,2,2,3,3,3,3,4,3,4
518043,2016.05.19 14:16,2016.05.19 14:17,en,BioA-S216-01,_93993_1,3,4,3,3,3,3,3,3,3,3
518305,2016.05.20 8:08,2016.05.20 8:09,en,BioA-S216-01,_93993_1,5,4,4,1,5,4,2,5,4,5
518312,2016.05.20 8:34,2016.05.20 8:35,en,BioA-S216-01,_93993_1,4,4,2,2,4,4,4,4,3,4
518316,2016.05.20 8:38,2016.05.20 8:39,en,BioA-S216-01,_93993_1,4,4,4,1,4,4,2,4,4,4
518787,2016.05.21 17:30,2016.05.21 17:31,en,BioA-S216-01,_93993_1,5,4,3,1,5,4,1,5,3,5
518801,2016.05.21 18:33,2016.05.21 18:34,en,BioA-S216-01,_93993_1,5,5,4,1,5,5,1,5,5,5
519061,2016.05.22 14:34,2016.05.22 14:35,en,BioA-S216-01,_93993_1,5,4,3,2,4,3,1,5,4,4
519294,2016.05.23 7:26,2016.05.23 7:26,en,BioA-S216-01,_93993_1,4,3,4,2,4,4,2,4,4,2
519342,2016.05.23 10:07,2016.05.23 10:08,en,BioA-S216-01,_93993_1,4,3,3,2,4,4,2,4,3,3
519349,2016.05.23 10:22,2016.05.23 10:23,en,BioA-S216-01,_93993_1,3,2,2,3,4,2,2,4,2,4
519353,2016.05.23 10:25,2016.05.23 10:26,en,BioA-S216-01,_93993_1,5,,4,1,2,3,2,4,3,3
519411,2016.05.23 13:05,,en,BioA-S216-01,_93993_1,,,,,,,,,,
519419,2016.05.23 13:18,2016.05.23 13:19,en,BioA-S216-01,_93993_1,5,5,5,1,5,5,1,5,5,5
519420,2016.05.23 13:19,2016.05.23 13:20,en,BioA-S216-01,_93993_1,4,4,4,1,4,4,1,4,4,3
519753,2016.05.24 9:34,2016.05.24 9:35,en,BioA-S216-01,_93993_1,4,2,2,3,4,2,3,4,2,3
519805,2016.05.24 11:53,2016.05.24 11:53,en,PhysA-S216-01,_97265_1,5,5,5,1,5,5,1,5,5,5
519823,2016.05.24 12:56,2016.05.24 12:57,en,BioA-S216-01,_93993_1,5,2,3,1,5,4,2,5,4,5
519880,2016.05.24 15:23,2016.05.24 15:24,en,BioA-S216-01,_93993_1,4,4,3,2,4,4,2,4,4,4
519904,2016.05.24 16:29,2016.05.24 16:29,en,BioA-S216-01,_93993_1,4,3,3,2,4,4,2,4,3,4
520274,2016.05.25 13:02,2016.05.25 13:03,en,BioA-S216-01,_93993_1,3,2,2,2,3,3,1,4,3,4
520284,2016.05.25 13:27,,en,AnPhA-S216-01,_96853_1,,,,,,,,,,
520362,2016.05.25 18:04,2016.05.25 18:06,en,BioA-S216-01,_93993_1,5,4,4,1,5,4,1,5,4,5
520401,2016.05.25 20:41,2016.05.25 20:42,en,BioA-S216-01,_93993_1,5,5,4,1,5,5,2,5,5,5
520452,2016.05.26 0:01,2016.05.26 0:01,en,BioA-S216-01,_93993_1,5,4,4,4,4,3,3,4,3,5
520603,2016.05.26 10:20,2016.05.26 10:20,en,BioA-S216-01,_93993_1,4,3,2,2,4,4,2,4,3,4
520607,2016.05.26 10:27,2016.05.26 10:28,en,BioA-S216-01,_93993_1,4,3,3,2,3,3,2,4,2,3
520678,2016.05.26 13:48,2016.05.26 13:49,en,BioA-S216-01,_93993_1,4,3,3,2,4,3,2,4,2,4
520681,2016.05.26 13:58,2016.05.26 13:59,en,BioA-S216-01,_93993_1,4,4,2,2,4,4,2,3,3,3
520740,2016.05.26 17:14,,en,OcnA-S216-01,_94319_1,,,,,,,,,,
520849,2016.05.27 0:51,2016.05.27 0:52,en,BioA-S216-01,_93993_1,3,1,1,4,2,1,4,3,1,2
520951,2016.05.27 8:09,2016.05.27 8:10,en,BioA-S216-01,_93993_1,4,3,3,2,4,4,2,4,3,4
521032,2016.05.27 12:52,2016.05.27 12:53,en,BioA-S216-01,_93993_1,5,3,3,3,5,3,1,5,4,5
521967,2016.05.30 12:25,,en,BioA-S216-01,_93993_1,,,,,,,,,,
522014,2016.05.30 15:27,,en,BioA-S216-01,_93993_1,,,,,,,,,,
522046,2016.05.30 17:36,2016.05.30 17:37,en,BioA-S216-01,_93993_1,4,5,3,4,4,4,3,4,4,4
522476,2016.05.31 22:03,2016.05.31 22:04,en,BioA-S216-01,_93993_1,4,4,3,2,4,4,2,4,4,4
522636,2016.06.01 9:24,2016.06.01 9:24,en,BioA-S216-01,_93993_1,3,3,2,4,3,3,3,3,2,3
522738,2016.06.01 14:19,2016.06.01 14:21,en,BioA-S216-01,_93993_1,4,4,3,1,4,4,2,4,4,4
522747,2016.06.01 14:38,2016.06.01 14:39,en,BioA-S216-01,_93993_1,5,4,4,2,5,4,1,5,4,5
522806,2016.06.01 18:17,2016.06.01 18:18,en,BioA-S216-01,_93993_1,5,5,3,2,4,1,1,5,4,5
522895,2016.06.02 0:36,2016.06.02 0:36,en,BioA-S216-01,_93993_1,3,3,3,3,3,3,3,3,3,3
523006,2016.06.02 8:59,2016.06.02 8:59,en,BioA-S216-01,_93993_1,3,3,4,3,4,3,4,3,3,3
523231,2016.06.02 20:26,2016.06.02 20:26,en,BioA-S216-01,_93993_1,4,4,4,1,4,4,1,4,4,4
523620,2016.06.03 22:46,2016.06.03 22:47,en,BioA-S216-01,_93993_1,5,5,5,1,5,5,1,5,5,5
523932,2016.06.04 23:02,2016.06.04 23:02,en,BioA-S216-01,_96950_1,4,2,3,2,4,4,3,4,3,5
524090,2016.06.05 11:31,2016.06.05 11:32,en,BioA-S216-01,_93993_1,4,4,2,1,3,4,3,4,4,3
524658,2016.06.06 23:00,2016.06.06 23:00,en,BioA-S216-01,_93993_1,4,4,3,3,3,4,3,4,3,3
524805,2016.06.07 9:23,2016.06.07 9:24,en,BioA-S216-01,_93993_1,4,4,3,2,4,3,2,4,4,4
524944,2016.06.07 15:11,2016.06.07 15:12,en,BioA-S216-01,_93993_1,4,2,3,2,3,1,4,3,2,4
526085,2016.06.10 4:51,2016.06.10 4:51,en,BioA-S216-01,_93993_1,4,3,3,3,4,3,2,4,3,4